标题,发布时间,状态码,内容
新华访谈丨什么情况下，孩子可以使用&nbsp;AI?,2025-05-28 11:11:27,200,    随着人工智能技术的飞速发展，人工智能正以多种方式融入中小学生教育教学的各个环节。什么情况下孩子可以使用AI？除了AI，更重要的是什么样的能力？新华访谈专访中国教育研究院研究员储朝晖，回答相关解答。
新华访谈｜什么情况下，孩子可以使用&nbsp;AI?,2025-05-28 10:52:47,200,    随着人工智能技术的飞速发展，人工智能正以多种方式融入中小学生教育教学的各个环节。什么情况下孩子可以使用AI？除了AI，更重要的是什么样的能力？新华访谈专访中国教育研究院研究员储朝晖，回答相关解答。
AI与金融科技赋能&nbsp;跨境支付助外贸企业“扬帆出海”,2025-05-27 09:09:37,200,在全球贸易格局深度变革的背景下，外贸企业正以灵活的应变能力和创新韧性，在国际市场开辟新空间，同时，其对金融服务的需求也日益多元化。近日，上海证券报记者走访多家外贸企业及支付机构了解到，面对支付成本高、效率低及合规压力等挑战，支付企业将AI与金融科技作为破局的关键。与此同时，跨境支付企业正逐步从单一结算服务转向综合金融服务平台，以技术驱动和生态化布局，为企业出海提供支撑。跨境支付面临多重挑战支付是贸易的“最后一公里”。记者走访跨境航旅、物流、外贸等不同类型的企业发现，由于市场竞争日益激烈、汇率波动影响愈发显著，不少企业在出海过程中面临支付成本、支付效率、合规能力等三方面挑战。“传统跨境支付方式一般是按交易笔数扣费，无论支付金额多少，都要扣除定额手续费。面向C端的企业高频交易需求突出，若按传统渠道‘按笔收费’，累计手续费不少，这样利润就会降低不少。”东莞市工贸发展促进会会长、佛爱娃工艺品董事长雍程翔说。支付时效直接影响企业运营。传统付款方式存在的申请流程繁琐、效率低、汇率波动大等问题，给部分企业开展业务带来一定压力。华夏物流深圳分公司销售负责人钟呈辉举例称，传统“T+3模式”曾导致海外仓费用支付延迟，服务暂停险些造成客户流失。湾区旅业品牌副总经理古月称，机票、酒店支付若延迟到账，可能会加剧汇率波动带来的风险。此外，外贸企业在支付过程中会面临跨境交易的安全合规问题。深圳乐能创新技术有限公司是集产品设计研发、在线零售、B2B贸易、海外物流仓储四大板块为一体的跨境企业，公司财务总监何冬冬告诉记者，其主要基于费率和合规性来选择合作的支付平台。AI与金融科技成破题关键跨境支付企业正在通过智能化、自动化的技术手段，降低企业支付成本，提升支付效率和合规能力。以某服装外贸企业为例，由于服装行业通常订单量和库存量较大，此前公司依赖人工去处理订单生成、支付核对、物流同步等环节。为了实现降本增效，公司在订单的处理流程上，链接了蚂蚁集团旗下的万里汇贸易履约及交易保障产品“World Trade”的API接口（应用程序编程接口）。“这一举措帮助公司实现了订单的全自动创建、管理与发送，从下单支付到发货，无需人工干预。所有流程实现了自动化处理，大幅提高了工作效率，减少了人为出错的可能性，同时降低了支付成本。”该服装外贸企业的创始人表示。数字技术不仅助力企业“降本增效”，也是稳风控的关键。连连国际CEO沈恩光表示，传统风控依赖人工，面对海量交易数据时力不从心，而AI通过机器学习构建用户行为模型，可实时识别异常交易。以反洗钱为例，连连国际将AI应用于尽调环节，运营成本进一步降低。“合规能力是支付行业的核心壁垒之一。”沈恩光认为，对于支付企业而言，如何在合规框架下将AI技术与本地化运营能力深度耦合，值得重点关注。从“支付通道”到“生态赋能”随着品牌出海升温，企业对跨境支付的需求正在从单一结算向综合服务跃迁，跨境支付行业的竞争也愈发激烈。咨询机构弗若斯特沙利文预计，2022年至2027年，中国跨境数字支付市场规模复合增速为25.2%。多位受访人士表示，当前，外贸企业不仅需要高效支付，还需要汇率锁定、供应链融资等增值服务。加上企业在出海过程中会对品牌形象和生产设备进行升级，因此需要支付机构深度嵌入其产业链。综合金融服务平台正逐步成为跨境支付企业的新赛道。一位支付行业分析师表示，外部环境不断推动外贸行业向品牌化转型，支付机构也须从“工具提供商”转向“生态共建者”。展望未来，博通咨询分析师王蓬博表示，跨境支付行业整合将加剧，头部支付机构凭借品牌、技术、资源等优势不断扩大市场份额，通过并购、合作等方式完善业务布局，拓展全球市场。一些实力欠佳的支付机构可能被淘汰或收购，行业集中度将进一步提高。“此外，跨界合作将会增加，跨境支付机构与银行、国际卡组织、互联网平台等将会产生更多合作。”王蓬博说，合规筑基、技术破局、生态赋能将成为跨境支付行业高质量发展的重要引擎。
四川AI数字展项亮相深圳文博会引关注,2025-05-26 14:03:10,200,  第二十一届中国（深圳）国际文化产业博览交易会现场热潮涌动。四川文投集团紧扣“科技赋能文化传承”主题，以落下闳、李白、陈子昂等川籍历史名人为脉络，创新打造“诗词·文脉四川”“天问·节气四川”两大展项，现场掀起沉浸式体验热潮，引发广泛关注。202505263d30f2c6d6754d70b9e69778451f9168_20250526ec2068181a5e43c38f51ebef3356d942.jpg  在本届文博会上，四川文投展区作为“文化和科技融合”的示范案例，重点呈现了数字文化领域的最新探索。其中，“诗词·文脉四川”展项依托新华智云文化大模型与数字人技术，精心构建“盛唐诗人天团”数智矩阵，吸引众多观众驻足体验。202505263d30f2c6d6754d70b9e69778451f9168_202505267f4c3c38fc984ad7858af56e4b50daa8.jpg202505263d30f2c6d6754d70b9e69778451f9168_202505269044416025194e39b98f44594890b766.webp202505263d30f2c6d6754d70b9e69778451f9168_20250526f6916bd9d1174b569258838b6fe07bde.webp202505263d30f2c6d6754d70b9e69778451f9168_20250526733153282efd4fac955511415ad05637.jpg  观众通过“诗词·文脉四川”不仅可以与李白、杜甫、陈子昂等数字诗人展开跨时空对话，还可以亲身体验 AI 步韵作诗的创作乐趣，探索诗人的人生轨迹与创作密码。来自广州的游客金先生表示：“这种互动让古诗词不再高冷，AI不仅还原了李白的豪放，让小朋友体验到诗词创作的乐趣，还能获得不一样的数字新文创。”202505263d30f2c6d6754d70b9e69778451f9168_202505268eb38e38c49346a29c035cc500b27649.jpg  “天问·节气四川”同样备受瞩目。作为四川名人馆的预热板块，该展项以西汉天文学家落下闳为主线，运用AIGC技术构建“节气-风物-诗人-诗词-行迹”知识图谱，生动呈现古蜀天文智慧的传承脉络。四川名人馆由四川文投集团打造，以“存史、知人、益世”为内核，融合蜡像艺术、数字交互与沉浸式体验，计划于2025年下半年开放。此次展出的“天问·节气四川”，不仅能让观众朋友们提前感受四川名人馆“科技+文化”的独特体验，更让其对正式开放充满期待。202505263d30f2c6d6754d70b9e69778451f9168_20250526af3422ea99564cf98cad0f740444fc41.jpg202505263d30f2c6d6754d70b9e69778451f9168_202505262c830c4b79104c65a941e2071b67dda1.jpg202505263d30f2c6d6754d70b9e69778451f9168_202505264fd27c9303324334a42f1feace273349.jpg  无论是“诗词·文脉四川”的沉浸式互动，还是“天问·节气四川”的数字化呈现，四川文投集团始终以科技为笔、以文化为墨，生动诠释着文化传承与创新的时代担当。随着四川名人馆即将亮相，这场跨越时空的古今对话，将在数字技术的加持下延续新时代的文化华章。
AI加持解锁低空经济无限潜能,2025-05-25 07:27:14,200,　　【简介】以“步入低空经济新时代”为主题的2025第九届世界无人机大会23日在深圳开幕，同期举行的国际低空经济与无人系统博览会及第十届深圳国际无人机展览会汇聚了国内外825家低空企业，5000多款无人机系统装备产品将进行现场展示。此次大会和展览会预计超过10万人参加。　　记者：毛思倩
体博会：“零帧起手”“私人定制”，AI改变运动方式,2025-05-24 22:09:37,200,  新华社南昌5月24日电 题：体博会：“零帧起手”“私人定制”，AI改变运动方式  新华社记者高萌、林德韧、焦子琦  “茫然”是许多人刚开始健身时遇到的第一道坎——从何练起、如何练习、练到什么程度才好？来自浙江宁波的科技公司易力加，为这种“茫然”找到了一种解决方案。  在展厅一侧，两块看起来平平无奇的踏板被称作“测力台”。使用者只要站上去，按照指引就可以完成体测。相关数据会即时传输到后台进行处理，并生成相应的“运动处方”。  这个被称作“PAMFA”的体能训练数字化平台仅靠一个平板电脑就可以操控，并且打破了设备与设备之间的壁垒，能够为使用者提供测训一体整体解决方案。a4PCv2rvD3EGvNhk.jpg测力台。  “体测后，你只要刷脸，处方就会在设备上自动呈现。我们这个系统现在已经能做到像打游戏一样了。有一条曲线、一个球，你的运动就跟着那个球去拟合这条曲线，这条曲线就是训练方案。我们的设备也会一直监测使用者的身体状态，对方案不断进行调整。”品牌负责人孙波方介绍道。  本次体博会上，许多公司都展示了饱含科技含量的产品，通过数据分析帮使用者制定方案，使得训练可以“零帧起手”。  本末科技推出一系列创新产品，包括智能健身模组、模拟仿真设备、健身镜以及力量站，其中，“智能动力模组”能够为训练者提供智能化的阻力调节，支持多种训练模式，并能在训练过程中实时反馈力量、速度、位置等数据，为深入分析训练成果提供更精准的基础数据。  北京荣盛通推出其康复及检测类创新产品——“4D飞腾体干肌群评估与训练系统”。该系统通过360度全方位旋转及0度至60度倾斜进行被动运动，从而促进运动神经元的再生，并有效提升人体的平衡感、稳定性、协调性及柔韧性。8f1nYv3MQeL8s7M7.jpg  舒华推出“BioFit数智力量”系列产品，恪守“先测后练”的理念，搭载伺服数智系统，可为用户提供运动行程、最大力量、输出功率、肌肉耐力4项测试，用户通过测试了解自身运动能力，生成运动处方，选择更适合的训练方案。  “传统的训练是以经验为主的，我们完全是用数字化的设备去实现。”孙波方说，“很多人去健身房训练没办法真正量化自己到底练了多少、练得怎么样。因为没有数据，纯靠经验。我们的第一步是利用我们自身的能力，去研发数字化设备。基于数字化后面才能做智能化。我们的追求是以数智科技提升运动表现。”  中国体育用品业联合会副秘书长温嘉介绍道，近些年，运动健身的整体解决方案发展迅速，正在逐步实现无人值守和数据互联互通：“配合体医融合，配合数据采集，配合运动处方，（产品）展现出了更加精细化和个性化的特征，对于数据的提取要求也比较多。”Mf38zci196DHbRBB.jpg  传统的体能、力量等训练之外，AI技术也广泛应用于对抗性运动之中。  以篮球为例，传统篮球训练受限于人工观察的时空局限性与经验判断的主观性，难以实现运动表现的量化评估与即时反馈。  商汤篮球运动表现智能分析系统通过在场馆架设多台智能感知终端，在无需标记点的自然训练场景下，对视频中运动员关键点提取，对场地进行三维建模，基于3D动作捕捉算法，实时捕捉球员跑位、传球轨迹、投篮角度等关键数据，进行球队及球员运动表现分析，并基于AI算法生成动态热力图与战术建议。  “比如说，我们分析一个球员投篮。投篮之前你做了什么，投篮之前防守队员离你有多远，你为了接这个球跑了多远，跑得有多累，你出手那个瞬间的负荷强度是多少，这个瞬间负荷强度如何影响你的出手效率，甚至说在比赛紧张胶着程度不同的阶段你的出手效率会受到什么样的影响，这其实都是我们希望去分析的，也是我们正在做的。”商汤体育CEO程鹏介绍道。Uwt1lwS6zZoOqYwL.jpg商汤体育CEO程鹏正在演讲。  AI交互体验技术的发展，也正在使得越来越多普通爱好者体验到更高水平、更专业化的“私人订制”式运动服务。  在体博会期间该公司上线了一款名为“加练”的篮球AI交互体验式App。作为一位“口袋里的篮球私教”，该软件通过一个简单的手机摄像头，就能拆解用户的每一步动作并进行实时分析。  “比如说投篮的出手速度、出手角度……我们并不是要去纠正用户的动作。因为我们都知道，如果有一个小球员上来就说我要学库里投篮，那肯定不是一件好事。我们试图做的是将你每一次出手相关的维度数据，和你的投篮点位、命中率去做相应的组合分析，让你对自己进行行为化分析，了解自己在什么样的情况下投篮命中率会更高。”程鹏说。  “对于很多人来说，我最大化潜力的目标，可能并不是打职业比赛或者进国家队。对于大众篮球爱好者来说，这项技术更大的价值其实就在于如何最大化这项运动的参与体验感。”他说。  除了训练、比赛，AI技术也正在体育的理疗康养行业被广泛应用。体博会期间，荣泰的设计师徐情，常常待在一个类似理疗室的小隔间里，为客户展示一位“机器人老中医”——“阿而泰健康理疗机器人”。xmDwFrApqPWSN1Do.jpg  “这台机器会先通过摄像头对人体进行图像扫描，再利用AI技术和红外检测，识别使用者的肌群及穴位，并模仿人手的温度和力度进行推拿，还可以更换不同的按摩头。”徐情介绍道，“所以即便是使用者体型差别很大，我们这台机器也都能找准位置。”  “我们很多客户都是做健身房、瑜伽馆、普拉提馆的。因为很多时候课上的拉伸放松其实并不够，很多店里也没有额外的人力去专门提供拉伸服务。所以，不少客户购买机器就是为了给顾客提供充分而准确的肌肉放松服务。机器的操作很简单，可以通过一块屏幕自主控制。”  徐情介绍，除了这位“老中医”，目前，她和同事们还研制了许多满足不同客群需求的拉伸、按摩仪器。一些器械则已接入DeepSeek，用户可通过声音交互获得个性化定制的理疗方案。“目前，我们的产品已经卖到了130多个国家（和地区）。”徐情说。RadDjFesgwNeaupz.jpg  随着AI技术不断融入运动场景，科学化、精准化正在重塑大众的运动习惯。从体测处方生成到训练数据追踪，从战术分析到智能理疗，科技正以更轻量的设备、更直观的交互降低专业运动门槛。当数据成为私人教练，算法化作训练伙伴，运动不再局限于经验判断，更多普通人得以通过数字镜像认识身体潜能，在个性化方案中感受科技赋予的运动新可能。
世界无人机大会：AI加持，解锁低空经济无限潜能,2025-05-24 16:28:32,200,　　【简介】以“步入低空经济新时代”为主题的2025第九届世界无人机大会23日在深圳开幕，同期举行的国际低空经济与无人系统博览会及第十届深圳国际无人机展览会汇聚了国内外825家低空企业，5000多款无人机系统装备产品将进行现场展示。此次大会和展览会预计超过10万人参加。　　记者：毛思倩
AI筑基&nbsp;新质跃升&nbsp;华为中国行2025广东新质生产力创新峰会,2025-05-23 17:06:03,200,  科技浪潮奔涌，人工智能作为引领新一轮科技革命与产业变革的核心技术，正深刻重构人类生产生活方式。 作为国内人工智能与机器人产业创新高地，广东以“人工智能 +”赋能千行百业，推动传统产业升级，开辟战略性新兴产业和未来产业发展新赛道。  5月15日，以“AI 筑基，新质跃升”为主题的华为中国行2025广东新质生产力创新峰会在惠州成功举办。峰会现场，政产学研深度对话，探讨智能时代产业转型趋势，分享AI技术深度融入实体经济的鲜活实践。  从痛点破解到价值重构、从技术攻坚到产业协同，华为中国行2025广东新质生产力创新峰会以AI技术驱动产业创新变革，以智能化开辟发展新局，为广东高质量发展注入澎湃动能。
“AI”读民法典｜数字时代被侵权？有“典”可循！,2025-05-23 12:09:54,200,  5月是我国第五个民法典宣传月。民法典具有鲜明的数字时代特色，从规范AI应用到保护个人信息，从规范电子合同到保护虚拟财产......今天带大家一起学习那些与我们数字权益息息相关的重要法条。20250523b79fb80372174f57b416ada99228e7a5_20250523ed5387ae25a4404685c667f43b966085.jpg20250523b79fb80372174f57b416ada99228e7a5_20250523d82d60f110254321bf449d04cd87a4cc.jpg20250523b79fb80372174f57b416ada99228e7a5_20250523734c3d8c08d84ee886bbb8c0309afd42.jpg20250523b79fb80372174f57b416ada99228e7a5_20250523bc9b80c9b3a84d8791723afb0d65a285.jpg20250523b79fb80372174f57b416ada99228e7a5_202505236c41771587a34409ba96f3452903f828.jpg20250523b79fb80372174f57b416ada99228e7a5_20250523994b8ffe4d0f412e96eafd105d479c4c.jpg策划制作：卢俊宇新华网新闻中心 出品
“AI”读民法典丨数字时代被侵权？有“典”可循！,2025-05-23 10:23:44,200,  5月是我国第五个民法典宣传月。民法典具有鲜明的数字时代特色，从规范AI应用到保护个人信息，从规范电子合同到保护虚拟财产......今天带大家一起学习那些与我们数字权益息息相关的重要法条。20250523b79fb80372174f57b416ada99228e7a5_20250523ed5387ae25a4404685c667f43b966085.jpg20250523b79fb80372174f57b416ada99228e7a5_20250523d82d60f110254321bf449d04cd87a4cc.jpg20250523b79fb80372174f57b416ada99228e7a5_20250523734c3d8c08d84ee886bbb8c0309afd42.jpg20250523b79fb80372174f57b416ada99228e7a5_20250523bc9b80c9b3a84d8791723afb0d65a285.jpg20250523b79fb80372174f57b416ada99228e7a5_202505236c41771587a34409ba96f3452903f828.jpg20250523b79fb80372174f57b416ada99228e7a5_20250523994b8ffe4d0f412e96eafd105d479c4c.jpg策划制作：卢俊宇新华网新闻中心 出品
AI变“思维代餐”引担忧&nbsp;如何引导中小学生用好AI帮手,2025-05-23 09:46:59,200,  新华社兰州5月23日电　题：如何引导中小学生用好AI帮手  新华社记者姜伟超、白丽萍、王俊杰  随着AI工具的普及，越来越多的中小学生开始使用AI辅助学习。然而，不少老师发现，有些学生的作业“AI味”越来越重，有的孩子甚至使用AI写作业已“颇有心得”。  近日，教育部出台《中小学生成式人工智能使用指南（2025年版）》，从各学段使用规范、教学应用场景等方面都做了详细指导。如何结合这份指南，让AI真正成为学习的“好帮手”，记者采访了多位专家、老师、家长，听听他们怎么说。  AI变“思维代餐”引家长老师担忧  记者近日采访多地中小学发现，在很多中小学生手里，AI变得“无所不能”：从作文日记，到数理化生，再难的作业，似乎都能“分分钟搞定”。一些初中生对记者笑称：“妈妈再也不用担心我的学习了”。甚至在一些初中学校，有些学生依赖上了用AI写作业，被同学起绰号“一搜党”。  一些学习机和学习类App在单纯地检查作业、知识拓展、错题归类等功能的基础上引入AI，它们一定程度上从辅助学习的“帮手”变成应付学习的“枪手”。  成都市一位初中家长说，这半年来，自己的孩子在家写作业开始依赖学习机的AI功能，遇到难题“一搜”，解题步骤和答案都会出现。“看似学习效率提高了，实际并没有真正理解掌握知识点。”  甘肃省张掖市高台县解放街小学教师徐迎春担心，AI过度使用或让一些学生“放弃思考”。她说，AI更擅长“打直球”，让学生越过循序渐进、抽丝剥茧的理解思考和钻研过程。  多名中学教师向记者反映，AI给出的解题思路看似全面，却不乏混淆杂糅、逻辑性差的内容，对中小学生来说“真假难辨”。  更令人担心的是，AI应用不当产生的一些有害信息甚至影响中小学生身心健康。  一位中学生告诉记者，他曾经在借助AI写作时，输入职业女性、白领、市场运行等关键词，结果AI生产出了一篇“霸总文”，内容不但“触目惊心”，且有明显违反法律法规的表述。  让AI成为辅助教学“多面手”  教育部近日出台的《中小学生成式人工智能使用指南（2025年版）》，明确提出中小学生成式人工智能的应用场景以及各学段使用规范等方面的指导意见。20250523b2ac6df08862412dacd1da068dca297b_20250523940d4f3f420d4c378898b04566195adb.jpg　　西北师范大学附属中学学生利用智慧平板电脑开展原电池实验演示。（受访者提供）  记者走访发现，很多学校已经开始探索AI助力教学的“新路径”，努力让人工智能变成辅助教学的“多面手”。  在一些学校，AI逐渐变成“小助教”，让课堂有趣且高效。山东省德州市第一中学学生周楷（化名）说，他的物理老师会使用AI，将一些复杂的物理概念制作成3D模型，让抽象的概念具象化。  甘肃省张掖市高台县第四中学校长徐占吉告诉记者，学校已经开始使用“智慧语文作文平台”辅助教师教学，其内嵌的生成式人工智能系统会自动对学生上传的作文进行点评并加以润色，生成个性化指导建议。  很多老师说，这种教学辅助能够针对每位学生的写作风格，精准分析出每一篇文章的优缺点，提出修改建议。  很多班主任用AI将“精准滴灌”的触角延伸至每一位孩子，让AI当上“小班长”。  甘肃省张掖市高台县解放街小学教师张菊兰告诉记者，教师可以将学生日常表现情况输入“班级优化大师”，利用AI自动分析，找到薄弱环节，让班级管理“有的放矢”。  北京师范大学教授余胜泉表示，让学生充分学习和使用AI，利用好AI的创造性，认清AI的工具本质，才能把AI变成学习“小助手”。  在山东省德州市第九中学，信息科技组在《AI赋能网页设计》课程上引导学生利用AI逐步掌握编程技能，并在AI的协助下制作网页。该学校一位学生说：“AI工具的运用，让我们感受到了科学的奥秘，极大降低了理解难度，体会到了研究的快乐。”  共筑AI使用“防护网”  受访人士建议，应当正视AI发展对教育的影响，提升家长和教师对AI的认识，推动家校社合作共建AI使用“防护网”。同时，加大教育类AI专项研究，实现AI对教育的“精准服务”。20250523b2ac6df08862412dacd1da068dca297b_20250523041f04043be747ecba51092bcc48f245.jpg　　图为甘肃省张掖市高台县解放街小学师生正在使用国家智慧教育平台辅助课堂教学。（受访者提供）  兰州市一位初三学生家长说，应当将AI使用嵌入教学和家庭学习环节中，润物无声地提升学生的“AI素养”，让学生认识到AI应当“为我所用”，避免学生成为AI的“嘴替”。  目前，AI发展日新月异，但一些老师和家长对AI的了解十分有限。多名老师和家长表示，学生使用AI“如鱼得水”，但他们却几乎“一无所知”。  张菊兰建议，应当通过集中培训、家长会等方式对老师、家长加强通识教育，了解AI相关知识，避免因信息差被学生“蒙在鼓里”。  兰州大学高等教育研究院副教授罗杨洋表示，家校之间应当及时“通气”，全方位掌握学生AI使用情况，制定个性化方案引导学生正确认识、使用AI。  一些家长担心，AI生成的内容过于“随心所欲”，导致生成内容“少儿不宜”，甚至影响学生身心健康。山东省德州市一位初中生家长建议，探索AI分级机制的可行性，通过技术手段对不同学龄段学生分级开放相关内容。  西北师范大学附属中学信息与资源中心主任武小龙建议，AI市场开发方需要充分调研，有针对性地开发AI学习产品，屏蔽多余的功能，实现对教与学的“精准服务”。
如何引导中小学生用好AI帮手,2025-05-23 09:43:30,200,  新华社兰州5月23日电　题：如何引导中小学生用好AI帮手  新华社记者姜伟超、白丽萍、王俊杰  随着AI工具的普及，越来越多的中小学生开始使用AI辅助学习。然而，不少老师发现，有些学生的作业“AI味”越来越重，有的孩子甚至使用AI写作业已“颇有心得”。  近日，教育部出台《中小学生成式人工智能使用指南（2025年版）》，从各学段使用规范、教学应用场景等方面都做了详细指导。如何结合这份指南，让AI真正成为学习的“好帮手”，记者采访了多位专家、老师、家长，听听他们怎么说。  AI变“思维代餐”引家长老师担忧  记者近日采访多地中小学发现，在很多中小学生手里，AI变得“无所不能”：从作文日记，到数理化生，再难的作业，似乎都能“分分钟搞定”。一些初中生对记者笑称：“妈妈再也不用担心我的学习了”。甚至在一些初中学校，有些学生依赖上了用AI写作业，被同学起绰号“一搜党”。  一些学习机和学习类App在单纯地检查作业、知识拓展、错题归类等功能的基础上引入AI，它们一定程度上从辅助学习的“帮手”变成应付学习的“枪手”。  成都市一位初中家长说，这半年来，自己的孩子在家写作业开始依赖学习机的AI功能，遇到难题“一搜”，解题步骤和答案都会出现。“看似学习效率提高了，实际并没有真正理解掌握知识点。”  甘肃省张掖市高台县解放街小学教师徐迎春担心，AI过度使用或让一些学生“放弃思考”。她说，AI更擅长“打直球”，让学生越过循序渐进、抽丝剥茧的理解思考和钻研过程。  多名中学教师向记者反映，AI给出的解题思路看似全面，却不乏混淆杂糅、逻辑性差的内容，对中小学生来说“真假难辨”。  更令人担心的是，AI应用不当产生的一些有害信息甚至影响中小学生身心健康。  一位中学生告诉记者，他曾经在借助AI写作时，输入职业女性、白领、市场运行等关键词，结果AI生产出了一篇“霸总文”，内容不但“触目惊心”，且有明显违反法律法规的表述。  让AI成为辅助教学“多面手”  教育部近日出台的《中小学生成式人工智能使用指南（2025年版）》，明确提出中小学生成式人工智能的应用场景以及各学段使用规范等方面的指导意见。20250523b2ac6df08862412dacd1da068dca297b_20250523940d4f3f420d4c378898b04566195adb.jpg　　西北师范大学附属中学学生利用智慧平板电脑开展原电池实验演示。（受访者提供）  记者走访发现，很多学校已经开始探索AI助力教学的“新路径”，努力让人工智能变成辅助教学的“多面手”。  在一些学校，AI逐渐变成“小助教”，让课堂有趣且高效。山东省德州市第一中学学生周楷（化名）说，他的物理老师会使用AI，将一些复杂的物理概念制作成3D模型，让抽象的概念具象化。  甘肃省张掖市高台县第四中学校长徐占吉告诉记者，学校已经开始使用“智慧语文作文平台”辅助教师教学，其内嵌的生成式人工智能系统会自动对学生上传的作文进行点评并加以润色，生成个性化指导建议。  很多老师说，这种教学辅助能够针对每位学生的写作风格，精准分析出每一篇文章的优缺点，提出修改建议。  很多班主任用AI将“精准滴灌”的触角延伸至每一位孩子，让AI当上“小班长”。  甘肃省张掖市高台县解放街小学教师张菊兰告诉记者，教师可以将学生日常表现情况输入“班级优化大师”，利用AI自动分析，找到薄弱环节，让班级管理“有的放矢”。  北京师范大学教授余胜泉表示，让学生充分学习和使用AI，利用好AI的创造性，认清AI的工具本质，才能把AI变成学习“小助手”。  在山东省德州市第九中学，信息科技组在《AI赋能网页设计》课程上引导学生利用AI逐步掌握编程技能，并在AI的协助下制作网页。该学校一位学生说：“AI工具的运用，让我们感受到了科学的奥秘，极大降低了理解难度，体会到了研究的快乐。”  共筑AI使用“防护网”  受访人士建议，应当正视AI发展对教育的影响，提升家长和教师对AI的认识，推动家校社合作共建AI使用“防护网”。同时，加大教育类AI专项研究，实现AI对教育的“精准服务”。20250523b2ac6df08862412dacd1da068dca297b_20250523041f04043be747ecba51092bcc48f245.jpg　　图为甘肃省张掖市高台县解放街小学师生正在使用国家智慧教育平台辅助课堂教学。（受访者提供）  兰州市一位初三学生家长说，应当将AI使用嵌入教学和家庭学习环节中，润物无声地提升学生的“AI素养”，让学生认识到AI应当“为我所用”，避免学生成为AI的“嘴替”。  目前，AI发展日新月异，但一些老师和家长对AI的了解十分有限。多名老师和家长表示，学生使用AI“如鱼得水”，但他们却几乎“一无所知”。  张菊兰建议，应当通过集中培训、家长会等方式对老师、家长加强通识教育，了解AI相关知识，避免因信息差被学生“蒙在鼓里”。  兰州大学高等教育研究院副教授罗杨洋表示，家校之间应当及时“通气”，全方位掌握学生AI使用情况，制定个性化方案引导学生正确认识、使用AI。  一些家长担心，AI生成的内容过于“随心所欲”，导致生成内容“少儿不宜”，甚至影响学生身心健康。山东省德州市一位初中生家长建议，探索AI分级机制的可行性，通过技术手段对不同学龄段学生分级开放相关内容。  西北师范大学附属中学信息与资源中心主任武小龙建议，AI市场开发方需要充分调研，有针对性地开发AI学习产品，屏蔽多余的功能，实现对教与学的“精准服务”。
2025高考情报局丨西安交大聚焦AI等领域扩招200人,2025-05-23 09:00:46,200,"20250523bc96a15ac2914e44b5f72536a738473e_20250522316bff0a02984ef59ef477f3d7dabb38.png新华网北京5月23日电 日前，西安交通大学招生办公室主任曹良志做客新华网2025高考情报局，为广大考生和家长介绍学校2025年本科招生与人才培养亮点。Q1.请简要介绍学校的基本情况和办学特色。西安交通大学前身是1896年创建于上海的南洋公学，1921年定名为交通大学，1956年主体内迁西安，1959年定名为西安交通大学。目前学校已发展成为一所具有理工特色，涵盖理、工、医、经、管、文、法、哲、艺等学科门类的综合性研究型大学，是首批进入211的7所大学之一，首批进入985工程的9所大学之一，即C9联盟成员。建校129年来，学校形成了兴学强国、艰苦创业、崇德尚实、严谨治学的优良传统和“起点高、基础厚、要求严、重实践”的办学特色，培养出蔡元培、钱学森、吴文俊等一大批知名校友。Q2.学校目前有哪些优势学科？西安交通大学共有61个国家级一流专业建设点，占可参评专业的95%，其中排名前列的专业可以概括为“电动机管理”。“电”是指电气工程及其自动化、人工智能、计算机科学与技术、信息工程等强电、弱电专业，“动”是指能源与动力工程专业，“机”是指机械工程专业，“管”是指工商管理和管理科学与工程专业,“理”是指数学、物理等理科专业。这些专业都有国家重点实验室、教育部重点实验等科研平台的依托，每个专业都由两院院士带领教师团队进行指导，各专业都获得过诸多国家科学技术奖和国家级教学成果奖。近年来，学校在法学（法学+外语双学位、国际经贸规则）、新媒体（智能传播）、公共管理、医学等学科的建设上都做出了具有交大特色的新方案。Q3.今年招生有什么新变化？我们面向国家和社会发展需求，先后开设人工智能、智能制造、储能、能源互联网、医工学、国际经贸规则等新兴专业。2025年将继续扩大人工智能、信息技术、储能技术、电气能源、医工学等学科领域的招生规模，计划扩招200人，招生规模将达到6350人。同时，今年的强基计划新增数学类智能科学以及能源与动力工程两个面向国家战略需求的专业和方向。中外合作办学新增电气工程及其自动化专业，招生规模为每年80人。2024年我校将原有的8个跨学院大类招生模式调整为27个以学院为主体的小大类招生模式，2025年我校持续优化小类招生专业设置，对考生而言具有专业方向更集中、专业定位更精准、前置职业发展规划、专属培养资源等优点，学生入学后无需过度担忧专业分流，可更专注于科研训练和实践能力提升。同时，我校今年恢复越杰计划专业，预选7个方向招生，录取越杰计划专业预选同时完成本人申请的学生自动获得越杰计划选拔资格，并可在大类内任意选择专业。此外，西安交大米兰理工联合学院新增电气工程及其自动化专业，招生规模为每年80人。该新增学科汇聚两校学科优势，打造由院士、电气电子工程师学会会士等教授在内教师团队，培养具有国际视野的高素质工程人才。Q4.请介绍一下学校人工智能与其它学科交叉融合的情况。学校将2025年定为“人工智能赋能年”，全面开展AI赋能人才培养工作。中国工程院院士郑南宁，中国科学院院士徐宗本、管晓宏领衔的团队在计算机视觉与模式识别、认知计算、大数据算法、人工智能系统安全等方向取得系列突破性成果。同时，学校积极构建“AI+”七大改革工程，建设12个专业教育大模型，与华为共建鲲鹏智能科教创新孵化中心。作为国家人工智能101计划的牵头单位，联合兄弟高校实施教育部人工智能领域教材建设计划。今年4月30日，学校还发布了“人工智能先导计划”，构建覆盖所有学科的“1+3+4+N”AI专业体系，设计“1+1+X”课程矩阵，配套AI应用功能60余种，建设智慧教室748间，开发知识图谱课程32门、数字教材23种，上线慕课283门。学校打造了12个专业教育垂直大模型，形成涵盖79门专业核心课程的语料库，还推出了DeepEdu1.0教育智能体——“交晓智”平台，打造了“人人学AI、人人用AI”的交大模式。Q5.学校在人才培养方面有哪些特色？我校建立了由院士领衔的10大拔尖人才培养矩阵，其中有7个多学段人才培养计划，分别是“珠峰计划”“钱学森班”“侯宗濂班”“强基计划”“优本班”“国家卓越工程师班（国卓班）”“未来技术学院”，这些班型不设淘汰比例，符合条件都可以保送研究生阶段继续学习；另外还有“拔尖计划”“人工智能”“越杰计划”等各具特色的人才培养计划，这些班型每一届赴国内外知名高校深造率均超过90%。Q6.请介绍学校“产学研用”情况。西安交大近年来重点打造了中国西部科技创新港。在这里，交大已经与236家龙头领军企业共建联合研究院，引入200多支种子天使基金和300余家金融机构，共同转化专利1400余件，孵化企业214家。学生从大四就可进入这些联合研究院进行实习，与企业工程师、技术骨干共同完成项目。学校还建立了中国西部科技创新港，并推出“6352”工程，最近3年内促进产学研合作金额超60亿元；助力学校与企业共建“双导师制”，组织学生对接华为、小米等企业的工程师，解决真实产业问题；帮助学校引入200多支种子天使基金和300多家金融机构，为科技成果转化提供投融资平台。对交大学生来说，企业真实课题与“双导师制”深化产教融合，帮其缩短学用差距；校企合作网络覆盖国家重点行业，为其提供了高匹配岗位；金融与政策支持降低创业门槛，助力其实现科研成果产业化；进而提升交大学生就业竞争力、薪资水平及职业发展潜力。Q7.学校在探索国际化教育方面有哪些成果和计划举措？2015年，学校成立中国西部海外博士后创新示范中心，同年发起“丝绸之路大学联盟”，目前全球45个国家和地区的207所高校加入联盟，并形成了18个学科子联盟；2017年建设丝路国际学院，推动产教融合走向“一带一路”；2023年实施《全球发展行动计划2030》，探索国际合作发展新形态，布局海外创新中心；目前承担了上海合作组织大学中方校长办公室职能。学校还创办了西交利物浦大学、西交米兰学院等一批中外合作办学机构与项目，在香港、阿联酋、乌兹别克斯坦等地建立海外创新中心与研究院。其中“西安交大-米兰学院”的中外合作办学项目尤其值得考生关注，目前开设“工业设计、建筑学、电气工程”三个专业，学生毕业后取得两个学校毕业证学位证，证书、保研等政策跟普通学生一样。学校还与美、日、英、法、德、韩等46个国家和地区的逾300余所高校和研究机构建立校际合作关系，以学分互认、长短期访学、双学位联合培养等形式，培养具有国际视野的创新人才。学校加入了环太平洋大学联盟等个多边国际教育合作平台，通过举办海外友好高校校园日、海外名家大讲堂、“在交大·看世界”系列英语沙龙活动等，营造“全球交大”氛围。"
AI助力义乌老板娘“卖全球”,2025-05-22 17:45:40,200,  在浙江义乌国际商贸城一区13门1楼的众多商铺中，宏盛玩具老板娘孙丽娟是最早使用AI（人工智能）做外贸生意的商户之一。近年来人工智能技术飞速发展，勇于尝试的孙丽娟在AI加持下，不仅收获了更多外贸客户和订单，还降低了运营成本，甚至连部分产品设计都使用AI辅助。  对着手机录段视频，导入AI平台后可制作36种语言的视频，向全球推广产品。根据需求生成脚本，输出的外语视频还会根据发音调整嘴型。数据显示，在“世界超市”浙江义乌，已有近3万商户常态化使用各种AI工具做生意，仅义乌自主研发的相关AI应用累计使用量就超过了10亿次。  除了录制带货视频，孙丽娟每天在13.5平方米的商铺内对接客户、接单、安排物料、对接生产，一年要工作300多天。“一天又一天，忙碌但不枯燥，每天都是挑战。”孙丽娟说。2010年初结婚领证当天，24岁的她就和丈夫从江西老家赶来义乌创业。经过15年的打拼，如今商铺内展示的数百款仿真娃娃和毛绒玩具都是自家玩具厂产品。  积极拥抱新技术，是孙丽娟的成功“秘诀”之一。她希望，更多的义乌商户像使用计算器一样使用AI，让AI为外贸生意赋能。2025052281319ed89db44f15bb5e4dea7ae10d76_XxjpsgC007289_20250521_CBMFN0A002.JPG  5月20日，孙丽娟（右）在商铺内向来自印度孟买的客商麦钱特推介玩具产品。新华社记者 韩传号 摄2025052281319ed89db44f15bb5e4dea7ae10d76_XxjpsgC007289_20250521_CBMFN0A003.JPG  5月20日，孙丽娟在商铺内录制带货视频。新华社记者 韩传号 摄2025052281319ed89db44f15bb5e4dea7ae10d76_XxjpsgC007289_20250521_CBMFN0A004.JPG  5月20日，孙丽娟的同事在商铺内借助AI工具生成带货视频文案。新华社记者 韩传号 摄2025052281319ed89db44f15bb5e4dea7ae10d76_XxjpsgC007289_20250521_CBMFN0A005.JPG  5月20日，孙丽娟（中）和同事在商铺内制作带货视频。新华社记者 韩传号 摄2025052281319ed89db44f15bb5e4dea7ae10d76_XxjpsgC007289_20250521_CBMFN0A006.JPG  5月20日，孙丽娟在商铺内整理一款玩具样品。新华社记者 韩传号 摄2025052281319ed89db44f15bb5e4dea7ae10d76_XxjpsgC007289_20250521_CBMFN0A007.JPG  5月21日，孙丽娟在商铺内展示相关AI应用中的多语种视频。新华社发（唐艳清摄）2025052281319ed89db44f15bb5e4dea7ae10d76_XxjpsgC007289_20250521_CBMFN0A008.JPG  5月20日，孙丽娟的同事展示手机应用的AI数字人功能。新华社记者 韩传号 摄2025052281319ed89db44f15bb5e4dea7ae10d76_XxjpsgC007289_20250521_CBMFN0A009.JPG  5月20日，孙丽娟（中）在浙江义乌国际商贸城商铺内。新华社记者 韩传号 摄2025052281319ed89db44f15bb5e4dea7ae10d76_XxjpsgC007289_20250521_CBMFN0A010.JPG  5月20日，孙丽娟走在浙江义乌国际商贸城内。新华社记者 韩传号 摄
秀我中国｜AI声音修复：让每次发声&nbsp;都掷地有声,2025-05-22 17:41:25,200,　　近日，一场特殊的分享交流会在华为智能生活馆南宁三街两巷店举行，参加交流会的大部分是听障人士。黄高德和其他听障人士一样，由于听力受损，在语言表达上往往存在发音不全的问题，这给他的日常交流造成了极大阻碍。而现在，黄高德通过使用华为手机的小艺声音修复功能，凭借语音大模型，利用AI技术将听障人士发音不全的音调进行智能修复，让每次发声，都掷地有声。　　编导：王洪流　　记者：梁舜　　新华社音视频部制作  
秀我中国｜AI声音修复：让每次发声&nbsp;&nbsp;都掷地有声,2025-05-22 17:35:44,200,　　近日，一场特殊的分享交流会在华为智能生活馆南宁三街两巷店举行，参加交流会的大部分是听障人士。黄高德和其他听障人士一样，由于听力受损，在语言表达上往往存在发音不全的问题，这给他的日常交流造成了极大阻碍。而现在，黄高德通过使用华为手机的小艺声音修复功能，凭借语音大模型，利用AI技术将听障人士发音不全的音调进行智能修复，让每次发声，都掷地有声。　　编导：王洪流　　记者：梁舜　　新华社音视频部制作  
杜绝AI“枪手”！如何才能让AI成为孩子学习“帮手”？,2025-05-22 15:58:52,200,  近日，教育部发布了《中小学人工智能通识教育指南(2025 年版)》和《中小学生成式人工智能使用指南(2025年版)》引发广泛的关注。中小学生使用 AI 的边界该如何把控?老师如何合理、有效使用 AI辅助教学?AI如何更好地辅助中小学教育?新华访谈专访中国教育科学研究院研究员储朝晖，就相关话题回应网友关切。  新华网:此次《指南》出台的初衷是什么?  储朝晖:  新华网:《指南》为什么列出了若干禁止?  储朝晖:  如果学生没有经过思考，用人工智能把作业答案做出来，老师通过这个信息无法了解学生真实的学习状况。  如果老师用生成式人工智能来判作业，教师和学生之间隔了一层，有可能忽视学生受教育学习的需求。  新华网:指南规定分年龄段规范使用，有何意义?  储朝晖:  新华网:孩子使用 AI，是否能够一禁了之?  储朝晖:  要知道自己孩子未来的生活环境就是生成式人工智能发挥作用的环境。如果你完全禁止孩子去接触生成式人工智能，有可能这个孩子在未来社会中的基本技能、交往都受到限制，要给孩子创造条件学习人工智能，家长自身如果有条件也要多学习。对所有人普世的要求，就是要提高所有人的信息素养和技能素养。  新华网:什么情况下，孩子可以使用 AI?  储朝晖:  当孩子对一些概念没有理解，没有直接体验的时候，我们就不能够让他使用 AI 来做作业。当他具备了能力，能够在一个更高层级上去使用 AI，在这种情况下他可以去使用。  很多孩子可能有过多的时间在虚拟的世界学习，对于他健全的成长发展来说是不利的。一个人的正常结构应该是有一定的体验获取的知识作为他的基础，特别是你要成为大科学家。你一定要有充足的体验获取的知识作为根基。  新华网:AI 工具平台应该怎么做?  储朝晖:  新华网:未来，需要培养孩子什么样的核心能力?  储朝晖:  从这个角度不再是比拼知识获取的多少，而是要比你有没有批判性的能力，特别是在生成式人工智能到来以后，很多人会变成一个被动的人，我们要防止学生变成一个被动的人，保留他的自主性、积极性，这是最关键的。    欢迎在评论区留言。 监制：李晓云 李由记者：关心剪辑：陈杰设计：史泽翰
AI视频：再见“消失的朋友”,2025-05-22 15:13:19,200,今年5月22日是第25个国际生物多样性日近年来地球生物多样性面临威胁许多动物物种已经灭绝让人扼腕叹息这次我们和上海自然博物馆的研究员一道将已经灭绝的珍稀物种通过AI技术“复原”转发传递让我们再看一眼“消失的朋友”↓↓↓ 【白鱀豚】Lipotes vexillifer2006年被宣布功能性灭绝↓ ↓ ↓ 【大海牛】Hydrodamalis gigas1768年灭绝↓ ↓ ↓ 【大海雀】Pinguinus impennis1844年灭绝 ↓ ↓ ↓ 【袋狼】Thylacinus cynocephalus1936年最后圈养个体“本哲明”死亡因50年无野外确认记录1986年澳大利亚官方正式宣布灭绝↓ ↓ ↓ 【渡渡鸟】Raphus cucullatuss灭绝时间有三个主要说法：1662年1681年1688年—1715年之间↓ ↓ ↓ 【卡罗莱纳长尾鹦鹉】Conuropsis carolinensis灭绝时间1918年最后个体“因卡”死于美国辛辛那提动物园↓ ↓ ↓ 【旅鸽】Ectopistes migratorius灭绝时间1914年最后个体“玛莎”死于美国辛辛那提动物园↓ ↓ ↓ 【平塔岛象龟】Chelonoidis abingdonii灭绝时间2012年↓ ↓ ↓ 【象牙喙啄木鸟】Campephilus principalis2021年美国官方正式宣布灭绝↓ ↓ ↓ 生物多样性使地球充满生机也是人类生存和发展的基础保护生物多样性就是保护我们共同的家园不要等到失去了才想起来珍惜  策划：万方执行：李洁琼文案：康薇、张倩制作：穆问春专家顾问：何鑫 上海自然博物馆自然史研究中心研究员参与报道：何天一（实习生）新华网新闻中心 上海自然博物馆联合出品
公益AI视频：万物和美,2025-05-22 14:39:30,200,统筹：胥斌 常烨策划：张宝玉文案：高海英AI制作：权敬技术支持：肥桃新华公益出品
秀我中国丨AI科普：人生小满胜万全，小满养生别太“满”！,2025-05-21 22:26:43,200,　　5月21日为小满节气，此时江河渐满，万物生长。养生宜“小得盈满”，运动、饮食、睡眠等应讲究“有度”，不宜太“满”。　　视频均由AI生成　　策划：张宋红　　记者：马丽娟、唐紫宸　　技术：于卓　　新华社音视频部制作
AI助老板娘“卖全球”,2025-05-21 18:31:54,200,20250521aba55e5272f14e479c813fd74e6e3aff_20250521d5670b1948864a6c8ebad1785ea0a5ec.jpg  5月20日，孙丽娟在商铺内录制带货视频。  在浙江义乌国际商贸城一区13门1楼的众多商铺中，宏盛玩具老板娘孙丽娟是最早使用AI（人工智能）做外贸生意的商户之一。近年来人工智能技术飞速发展，勇于尝试的孙丽娟在AI加持下，不仅收获了更多外贸客户和订单，还降低了运营成本，甚至连部分产品设计都使用AI辅助。  对着手机录段视频，导入AI平台后可制作36种语言的视频，向全球推广产品。根据需求生成脚本，输出的外语视频还会根据发音调整嘴型。数据显示，在“世界超市”浙江义乌，已有近3万商户常态化使用各种AI工具做生意，仅义乌自主研发的相关AI应用累计使用量就超过了10亿次。  除了录制带货视频，孙丽娟每天在13.5平方米的商铺内对接客户、接单、安排物料、对接生产，一年要工作300多天。“一天又一天，忙碌但不枯燥，每天都是挑战。”孙丽娟说。2010年初结婚领证当天，24岁的她就和丈夫从江西老家赶来义乌创业。经过15年的打拼，如今商铺内展示的数百款仿真娃娃和毛绒玩具都是自家玩具厂产品。  积极拥抱新技术，是孙丽娟的成功“秘诀”之一。她希望，更多的义乌商户像使用计算器一样使用AI，让AI为外贸生意赋能。  新华社记者 韩传号 摄pagebreak20250521aba55e5272f14e479c813fd74e6e3aff_20250521d2678f62a02a45c9bdaf08dd473fe7e2.jpg  5月20日，孙丽娟的同事在商铺内借助AI工具生成带货视频文案。  在浙江义乌国际商贸城一区13门1楼的众多商铺中，宏盛玩具老板娘孙丽娟是最早使用AI（人工智能）做外贸生意的商户之一。近年来人工智能技术飞速发展，勇于尝试的孙丽娟在AI加持下，不仅收获了更多外贸客户和订单，还降低了运营成本，甚至连部分产品设计都使用AI辅助。  对着手机录段视频，导入AI平台后可制作36种语言的视频，向全球推广产品。根据需求生成脚本，输出的外语视频还会根据发音调整嘴型。数据显示，在“世界超市”浙江义乌，已有近3万商户常态化使用各种AI工具做生意，仅义乌自主研发的相关AI应用累计使用量就超过了10亿次。  除了录制带货视频，孙丽娟每天在13.5平方米的商铺内对接客户、接单、安排物料、对接生产，一年要工作300多天。“一天又一天，忙碌但不枯燥，每天都是挑战。”孙丽娟说。2010年初结婚领证当天，24岁的她就和丈夫从江西老家赶来义乌创业。经过15年的打拼，如今商铺内展示的数百款仿真娃娃和毛绒玩具都是自家玩具厂产品。  积极拥抱新技术，是孙丽娟的成功“秘诀”之一。她希望，更多的义乌商户像使用计算器一样使用AI，让AI为外贸生意赋能。  新华社记者 韩传号 摄pagebreak20250521aba55e5272f14e479c813fd74e6e3aff_202505218a87e34686ff4599a7f3a88b332dfd54.jpg  5月20日，孙丽娟（中）和同事在商铺内制作带货视频。  在浙江义乌国际商贸城一区13门1楼的众多商铺中，宏盛玩具老板娘孙丽娟是最早使用AI（人工智能）做外贸生意的商户之一。近年来人工智能技术飞速发展，勇于尝试的孙丽娟在AI加持下，不仅收获了更多外贸客户和订单，还降低了运营成本，甚至连部分产品设计都使用AI辅助。  对着手机录段视频，导入AI平台后可制作36种语言的视频，向全球推广产品。根据需求生成脚本，输出的外语视频还会根据发音调整嘴型。数据显示，在“世界超市”浙江义乌，已有近3万商户常态化使用各种AI工具做生意，仅义乌自主研发的相关AI应用累计使用量就超过了10亿次。  除了录制带货视频，孙丽娟每天在13.5平方米的商铺内对接客户、接单、安排物料、对接生产，一年要工作300多天。“一天又一天，忙碌但不枯燥，每天都是挑战。”孙丽娟说。2010年初结婚领证当天，24岁的她就和丈夫从江西老家赶来义乌创业。经过15年的打拼，如今商铺内展示的数百款仿真娃娃和毛绒玩具都是自家玩具厂产品。  积极拥抱新技术，是孙丽娟的成功“秘诀”之一。她希望，更多的义乌商户像使用计算器一样使用AI，让AI为外贸生意赋能。  新华社记者 韩传号 摄pagebreak20250521aba55e5272f14e479c813fd74e6e3aff_202505219bb835a4a33d425b8bca3d9a765ca39a.jpg  5月21日，孙丽娟在商铺内展示相关AI应用中的多语种视频。  在浙江义乌国际商贸城一区13门1楼的众多商铺中，宏盛玩具老板娘孙丽娟是最早使用AI（人工智能）做外贸生意的商户之一。近年来人工智能技术飞速发展，勇于尝试的孙丽娟在AI加持下，不仅收获了更多外贸客户和订单，还降低了运营成本，甚至连部分产品设计都使用AI辅助。  对着手机录段视频，导入AI平台后可制作36种语言的视频，向全球推广产品。根据需求生成脚本，输出的外语视频还会根据发音调整嘴型。数据显示，在“世界超市”浙江义乌，已有近3万商户常态化使用各种AI工具做生意，仅义乌自主研发的相关AI应用累计使用量就超过了10亿次。  除了录制带货视频，孙丽娟每天在13.5平方米的商铺内对接客户、接单、安排物料、对接生产，一年要工作300多天。“一天又一天，忙碌但不枯燥，每天都是挑战。”孙丽娟说。2010年初结婚领证当天，24岁的她就和丈夫从江西老家赶来义乌创业。经过15年的打拼，如今商铺内展示的数百款仿真娃娃和毛绒玩具都是自家玩具厂产品。  积极拥抱新技术，是孙丽娟的成功“秘诀”之一。她希望，更多的义乌商户像使用计算器一样使用AI，让AI为外贸生意赋能。  新华社发（唐艳清摄）pagebreak20250521aba55e5272f14e479c813fd74e6e3aff_202505215c35bfad06ec42f7848cc9ef9e26ba27.jpg  5月20日，孙丽娟的同事展示手机应用的AI数字人功能。  在浙江义乌国际商贸城一区13门1楼的众多商铺中，宏盛玩具老板娘孙丽娟是最早使用AI（人工智能）做外贸生意的商户之一。近年来人工智能技术飞速发展，勇于尝试的孙丽娟在AI加持下，不仅收获了更多外贸客户和订单，还降低了运营成本，甚至连部分产品设计都使用AI辅助。  对着手机录段视频，导入AI平台后可制作36种语言的视频，向全球推广产品。根据需求生成脚本，输出的外语视频还会根据发音调整嘴型。数据显示，在“世界超市”浙江义乌，已有近3万商户常态化使用各种AI工具做生意，仅义乌自主研发的相关AI应用累计使用量就超过了10亿次。  除了录制带货视频，孙丽娟每天在13.5平方米的商铺内对接客户、接单、安排物料、对接生产，一年要工作300多天。“一天又一天，忙碌但不枯燥，每天都是挑战。”孙丽娟说。2010年初结婚领证当天，24岁的她就和丈夫从江西老家赶来义乌创业。经过15年的打拼，如今商铺内展示的数百款仿真娃娃和毛绒玩具都是自家玩具厂产品。  积极拥抱新技术，是孙丽娟的成功“秘诀”之一。她希望，更多的义乌商户像使用计算器一样使用AI，让AI为外贸生意赋能。  新华社记者 韩传号 摄pagebreak20250521aba55e5272f14e479c813fd74e6e3aff_20250521d78a4e0c040a4e578ff9dff2ad70ce57.jpg  5月20日，孙丽娟（右）在商铺内向来自印度孟买的客商麦钱特推介玩具产品。  在浙江义乌国际商贸城一区13门1楼的众多商铺中，宏盛玩具老板娘孙丽娟是最早使用AI（人工智能）做外贸生意的商户之一。近年来人工智能技术飞速发展，勇于尝试的孙丽娟在AI加持下，不仅收获了更多外贸客户和订单，还降低了运营成本，甚至连部分产品设计都使用AI辅助。  对着手机录段视频，导入AI平台后可制作36种语言的视频，向全球推广产品。根据需求生成脚本，输出的外语视频还会根据发音调整嘴型。数据显示，在“世界超市”浙江义乌，已有近3万商户常态化使用各种AI工具做生意，仅义乌自主研发的相关AI应用累计使用量就超过了10亿次。  除了录制带货视频，孙丽娟每天在13.5平方米的商铺内对接客户、接单、安排物料、对接生产，一年要工作300多天。“一天又一天，忙碌但不枯燥，每天都是挑战。”孙丽娟说。2010年初结婚领证当天，24岁的她就和丈夫从江西老家赶来义乌创业。经过15年的打拼，如今商铺内展示的数百款仿真娃娃和毛绒玩具都是自家玩具厂产品。  积极拥抱新技术，是孙丽娟的成功“秘诀”之一。她希望，更多的义乌商户像使用计算器一样使用AI，让AI为外贸生意赋能。  新华社记者 韩传号 摄pagebreak20250521aba55e5272f14e479c813fd74e6e3aff_2025052199d53aa1168b4cffbc98cd81080ccb5a.jpg  5月20日，孙丽娟（中）在浙江义乌国际商贸城商铺内。  在浙江义乌国际商贸城一区13门1楼的众多商铺中，宏盛玩具老板娘孙丽娟是最早使用AI（人工智能）做外贸生意的商户之一。近年来人工智能技术飞速发展，勇于尝试的孙丽娟在AI加持下，不仅收获了更多外贸客户和订单，还降低了运营成本，甚至连部分产品设计都使用AI辅助。  对着手机录段视频，导入AI平台后可制作36种语言的视频，向全球推广产品。根据需求生成脚本，输出的外语视频还会根据发音调整嘴型。数据显示，在“世界超市”浙江义乌，已有近3万商户常态化使用各种AI工具做生意，仅义乌自主研发的相关AI应用累计使用量就超过了10亿次。  除了录制带货视频，孙丽娟每天在13.5平方米的商铺内对接客户、接单、安排物料、对接生产，一年要工作300多天。“一天又一天，忙碌但不枯燥，每天都是挑战。”孙丽娟说。2010年初结婚领证当天，24岁的她就和丈夫从江西老家赶来义乌创业。经过15年的打拼，如今商铺内展示的数百款仿真娃娃和毛绒玩具都是自家玩具厂产品。  积极拥抱新技术，是孙丽娟的成功“秘诀”之一。她希望，更多的义乌商户像使用计算器一样使用AI，让AI为外贸生意赋能。  新华社记者 韩传号 摄pagebreak20250521aba55e5272f14e479c813fd74e6e3aff_20250521fe96d1e95cda4516b4e77d31500f55a8.jpg  5月20日，孙丽娟在商铺内整理一款玩具样品。  在浙江义乌国际商贸城一区13门1楼的众多商铺中，宏盛玩具老板娘孙丽娟是最早使用AI（人工智能）做外贸生意的商户之一。近年来人工智能技术飞速发展，勇于尝试的孙丽娟在AI加持下，不仅收获了更多外贸客户和订单，还降低了运营成本，甚至连部分产品设计都使用AI辅助。  对着手机录段视频，导入AI平台后可制作36种语言的视频，向全球推广产品。根据需求生成脚本，输出的外语视频还会根据发音调整嘴型。数据显示，在“世界超市”浙江义乌，已有近3万商户常态化使用各种AI工具做生意，仅义乌自主研发的相关AI应用累计使用量就超过了10亿次。  除了录制带货视频，孙丽娟每天在13.5平方米的商铺内对接客户、接单、安排物料、对接生产，一年要工作300多天。“一天又一天，忙碌但不枯燥，每天都是挑战。”孙丽娟说。2010年初结婚领证当天，24岁的她就和丈夫从江西老家赶来义乌创业。经过15年的打拼，如今商铺内展示的数百款仿真娃娃和毛绒玩具都是自家玩具厂产品。  积极拥抱新技术，是孙丽娟的成功“秘诀”之一。她希望，更多的义乌商户像使用计算器一样使用AI，让AI为外贸生意赋能。  新华社记者 韩传号 摄pagebreak20250521aba55e5272f14e479c813fd74e6e3aff_202505210faeac4cec7a42799a8096e804b66a56.jpg  5月20日，孙丽娟走在浙江义乌国际商贸城内。  在浙江义乌国际商贸城一区13门1楼的众多商铺中，宏盛玩具老板娘孙丽娟是最早使用AI（人工智能）做外贸生意的商户之一。近年来人工智能技术飞速发展，勇于尝试的孙丽娟在AI加持下，不仅收获了更多外贸客户和订单，还降低了运营成本，甚至连部分产品设计都使用AI辅助。  对着手机录段视频，导入AI平台后可制作36种语言的视频，向全球推广产品。根据需求生成脚本，输出的外语视频还会根据发音调整嘴型。数据显示，在“世界超市”浙江义乌，已有近3万商户常态化使用各种AI工具做生意，仅义乌自主研发的相关AI应用累计使用量就超过了10亿次。  除了录制带货视频，孙丽娟每天在13.5平方米的商铺内对接客户、接单、安排物料、对接生产，一年要工作300多天。“一天又一天，忙碌但不枯燥，每天都是挑战。”孙丽娟说。2010年初结婚领证当天，24岁的她就和丈夫从江西老家赶来义乌创业。经过15年的打拼，如今商铺内展示的数百款仿真娃娃和毛绒玩具都是自家玩具厂产品。  积极拥抱新技术，是孙丽娟的成功“秘诀”之一。她希望，更多的义乌商户像使用计算器一样使用AI，让AI为外贸生意赋能。  新华社记者 韩传号 摄
智绘中国·一招鲜丨AI助力义乌老板娘“卖全球”,2025-05-21 16:46:56,200,20250521aba55e5272f14e479c813fd74e6e3aff_20250521d5670b1948864a6c8ebad1785ea0a5ec.jpg  5月20日，孙丽娟在商铺内录制带货视频。  在浙江义乌国际商贸城一区13门1楼的众多商铺中，宏盛玩具老板娘孙丽娟是最早使用AI（人工智能）做外贸生意的商户之一。近年来人工智能技术飞速发展，勇于尝试的孙丽娟在AI加持下，不仅收获了更多外贸客户和订单，还降低了运营成本，甚至连部分产品设计都使用AI辅助。  对着手机录段视频，导入AI平台后可制作36种语言的视频，向全球推广产品。根据需求生成脚本，输出的外语视频还会根据发音调整嘴型。数据显示，在“世界超市”浙江义乌，已有近3万商户常态化使用各种AI工具做生意，仅义乌自主研发的相关AI应用累计使用量就超过了10亿次。  除了录制带货视频，孙丽娟每天在13.5平方米的商铺内对接客户、接单、安排物料、对接生产，一年要工作300多天。“一天又一天，忙碌但不枯燥，每天都是挑战。”孙丽娟说。2010年初结婚领证当天，24岁的她就和丈夫从江西老家赶来义乌创业。经过15年的打拼，如今商铺内展示的数百款仿真娃娃和毛绒玩具都是自家玩具厂产品。  积极拥抱新技术，是孙丽娟的成功“秘诀”之一。她希望，更多的义乌商户像使用计算器一样使用AI，让AI为外贸生意赋能。  新华社记者 韩传号 摄pagebreak20250521aba55e5272f14e479c813fd74e6e3aff_20250521d2678f62a02a45c9bdaf08dd473fe7e2.jpg  5月20日，孙丽娟的同事在商铺内借助AI工具生成带货视频文案。  在浙江义乌国际商贸城一区13门1楼的众多商铺中，宏盛玩具老板娘孙丽娟是最早使用AI（人工智能）做外贸生意的商户之一。近年来人工智能技术飞速发展，勇于尝试的孙丽娟在AI加持下，不仅收获了更多外贸客户和订单，还降低了运营成本，甚至连部分产品设计都使用AI辅助。  对着手机录段视频，导入AI平台后可制作36种语言的视频，向全球推广产品。根据需求生成脚本，输出的外语视频还会根据发音调整嘴型。数据显示，在“世界超市”浙江义乌，已有近3万商户常态化使用各种AI工具做生意，仅义乌自主研发的相关AI应用累计使用量就超过了10亿次。  除了录制带货视频，孙丽娟每天在13.5平方米的商铺内对接客户、接单、安排物料、对接生产，一年要工作300多天。“一天又一天，忙碌但不枯燥，每天都是挑战。”孙丽娟说。2010年初结婚领证当天，24岁的她就和丈夫从江西老家赶来义乌创业。经过15年的打拼，如今商铺内展示的数百款仿真娃娃和毛绒玩具都是自家玩具厂产品。  积极拥抱新技术，是孙丽娟的成功“秘诀”之一。她希望，更多的义乌商户像使用计算器一样使用AI，让AI为外贸生意赋能。  新华社记者 韩传号 摄pagebreak20250521aba55e5272f14e479c813fd74e6e3aff_202505218a87e34686ff4599a7f3a88b332dfd54.jpg  5月20日，孙丽娟（中）和同事在商铺内制作带货视频。  在浙江义乌国际商贸城一区13门1楼的众多商铺中，宏盛玩具老板娘孙丽娟是最早使用AI（人工智能）做外贸生意的商户之一。近年来人工智能技术飞速发展，勇于尝试的孙丽娟在AI加持下，不仅收获了更多外贸客户和订单，还降低了运营成本，甚至连部分产品设计都使用AI辅助。  对着手机录段视频，导入AI平台后可制作36种语言的视频，向全球推广产品。根据需求生成脚本，输出的外语视频还会根据发音调整嘴型。数据显示，在“世界超市”浙江义乌，已有近3万商户常态化使用各种AI工具做生意，仅义乌自主研发的相关AI应用累计使用量就超过了10亿次。  除了录制带货视频，孙丽娟每天在13.5平方米的商铺内对接客户、接单、安排物料、对接生产，一年要工作300多天。“一天又一天，忙碌但不枯燥，每天都是挑战。”孙丽娟说。2010年初结婚领证当天，24岁的她就和丈夫从江西老家赶来义乌创业。经过15年的打拼，如今商铺内展示的数百款仿真娃娃和毛绒玩具都是自家玩具厂产品。  积极拥抱新技术，是孙丽娟的成功“秘诀”之一。她希望，更多的义乌商户像使用计算器一样使用AI，让AI为外贸生意赋能。  新华社记者 韩传号 摄pagebreak20250521aba55e5272f14e479c813fd74e6e3aff_202505219bb835a4a33d425b8bca3d9a765ca39a.jpg  5月21日，孙丽娟在商铺内展示相关AI应用中的多语种视频。  在浙江义乌国际商贸城一区13门1楼的众多商铺中，宏盛玩具老板娘孙丽娟是最早使用AI（人工智能）做外贸生意的商户之一。近年来人工智能技术飞速发展，勇于尝试的孙丽娟在AI加持下，不仅收获了更多外贸客户和订单，还降低了运营成本，甚至连部分产品设计都使用AI辅助。  对着手机录段视频，导入AI平台后可制作36种语言的视频，向全球推广产品。根据需求生成脚本，输出的外语视频还会根据发音调整嘴型。数据显示，在“世界超市”浙江义乌，已有近3万商户常态化使用各种AI工具做生意，仅义乌自主研发的相关AI应用累计使用量就超过了10亿次。  除了录制带货视频，孙丽娟每天在13.5平方米的商铺内对接客户、接单、安排物料、对接生产，一年要工作300多天。“一天又一天，忙碌但不枯燥，每天都是挑战。”孙丽娟说。2010年初结婚领证当天，24岁的她就和丈夫从江西老家赶来义乌创业。经过15年的打拼，如今商铺内展示的数百款仿真娃娃和毛绒玩具都是自家玩具厂产品。  积极拥抱新技术，是孙丽娟的成功“秘诀”之一。她希望，更多的义乌商户像使用计算器一样使用AI，让AI为外贸生意赋能。  新华社发（唐艳清摄）pagebreak20250521aba55e5272f14e479c813fd74e6e3aff_202505215c35bfad06ec42f7848cc9ef9e26ba27.jpg  5月20日，孙丽娟的同事展示手机应用的AI数字人功能。  在浙江义乌国际商贸城一区13门1楼的众多商铺中，宏盛玩具老板娘孙丽娟是最早使用AI（人工智能）做外贸生意的商户之一。近年来人工智能技术飞速发展，勇于尝试的孙丽娟在AI加持下，不仅收获了更多外贸客户和订单，还降低了运营成本，甚至连部分产品设计都使用AI辅助。  对着手机录段视频，导入AI平台后可制作36种语言的视频，向全球推广产品。根据需求生成脚本，输出的外语视频还会根据发音调整嘴型。数据显示，在“世界超市”浙江义乌，已有近3万商户常态化使用各种AI工具做生意，仅义乌自主研发的相关AI应用累计使用量就超过了10亿次。  除了录制带货视频，孙丽娟每天在13.5平方米的商铺内对接客户、接单、安排物料、对接生产，一年要工作300多天。“一天又一天，忙碌但不枯燥，每天都是挑战。”孙丽娟说。2010年初结婚领证当天，24岁的她就和丈夫从江西老家赶来义乌创业。经过15年的打拼，如今商铺内展示的数百款仿真娃娃和毛绒玩具都是自家玩具厂产品。  积极拥抱新技术，是孙丽娟的成功“秘诀”之一。她希望，更多的义乌商户像使用计算器一样使用AI，让AI为外贸生意赋能。  新华社记者 韩传号 摄pagebreak20250521aba55e5272f14e479c813fd74e6e3aff_20250521d78a4e0c040a4e578ff9dff2ad70ce57.jpg  5月20日，孙丽娟（右）在商铺内向来自印度孟买的客商麦钱特推介玩具产品。  在浙江义乌国际商贸城一区13门1楼的众多商铺中，宏盛玩具老板娘孙丽娟是最早使用AI（人工智能）做外贸生意的商户之一。近年来人工智能技术飞速发展，勇于尝试的孙丽娟在AI加持下，不仅收获了更多外贸客户和订单，还降低了运营成本，甚至连部分产品设计都使用AI辅助。  对着手机录段视频，导入AI平台后可制作36种语言的视频，向全球推广产品。根据需求生成脚本，输出的外语视频还会根据发音调整嘴型。数据显示，在“世界超市”浙江义乌，已有近3万商户常态化使用各种AI工具做生意，仅义乌自主研发的相关AI应用累计使用量就超过了10亿次。  除了录制带货视频，孙丽娟每天在13.5平方米的商铺内对接客户、接单、安排物料、对接生产，一年要工作300多天。“一天又一天，忙碌但不枯燥，每天都是挑战。”孙丽娟说。2010年初结婚领证当天，24岁的她就和丈夫从江西老家赶来义乌创业。经过15年的打拼，如今商铺内展示的数百款仿真娃娃和毛绒玩具都是自家玩具厂产品。  积极拥抱新技术，是孙丽娟的成功“秘诀”之一。她希望，更多的义乌商户像使用计算器一样使用AI，让AI为外贸生意赋能。  新华社记者 韩传号 摄pagebreak20250521aba55e5272f14e479c813fd74e6e3aff_2025052199d53aa1168b4cffbc98cd81080ccb5a.jpg  5月20日，孙丽娟（中）在浙江义乌国际商贸城商铺内。  在浙江义乌国际商贸城一区13门1楼的众多商铺中，宏盛玩具老板娘孙丽娟是最早使用AI（人工智能）做外贸生意的商户之一。近年来人工智能技术飞速发展，勇于尝试的孙丽娟在AI加持下，不仅收获了更多外贸客户和订单，还降低了运营成本，甚至连部分产品设计都使用AI辅助。  对着手机录段视频，导入AI平台后可制作36种语言的视频，向全球推广产品。根据需求生成脚本，输出的外语视频还会根据发音调整嘴型。数据显示，在“世界超市”浙江义乌，已有近3万商户常态化使用各种AI工具做生意，仅义乌自主研发的相关AI应用累计使用量就超过了10亿次。  除了录制带货视频，孙丽娟每天在13.5平方米的商铺内对接客户、接单、安排物料、对接生产，一年要工作300多天。“一天又一天，忙碌但不枯燥，每天都是挑战。”孙丽娟说。2010年初结婚领证当天，24岁的她就和丈夫从江西老家赶来义乌创业。经过15年的打拼，如今商铺内展示的数百款仿真娃娃和毛绒玩具都是自家玩具厂产品。  积极拥抱新技术，是孙丽娟的成功“秘诀”之一。她希望，更多的义乌商户像使用计算器一样使用AI，让AI为外贸生意赋能。  新华社记者 韩传号 摄pagebreak20250521aba55e5272f14e479c813fd74e6e3aff_20250521fe96d1e95cda4516b4e77d31500f55a8.jpg  5月20日，孙丽娟在商铺内整理一款玩具样品。  在浙江义乌国际商贸城一区13门1楼的众多商铺中，宏盛玩具老板娘孙丽娟是最早使用AI（人工智能）做外贸生意的商户之一。近年来人工智能技术飞速发展，勇于尝试的孙丽娟在AI加持下，不仅收获了更多外贸客户和订单，还降低了运营成本，甚至连部分产品设计都使用AI辅助。  对着手机录段视频，导入AI平台后可制作36种语言的视频，向全球推广产品。根据需求生成脚本，输出的外语视频还会根据发音调整嘴型。数据显示，在“世界超市”浙江义乌，已有近3万商户常态化使用各种AI工具做生意，仅义乌自主研发的相关AI应用累计使用量就超过了10亿次。  除了录制带货视频，孙丽娟每天在13.5平方米的商铺内对接客户、接单、安排物料、对接生产，一年要工作300多天。“一天又一天，忙碌但不枯燥，每天都是挑战。”孙丽娟说。2010年初结婚领证当天，24岁的她就和丈夫从江西老家赶来义乌创业。经过15年的打拼，如今商铺内展示的数百款仿真娃娃和毛绒玩具都是自家玩具厂产品。  积极拥抱新技术，是孙丽娟的成功“秘诀”之一。她希望，更多的义乌商户像使用计算器一样使用AI，让AI为外贸生意赋能。  新华社记者 韩传号 摄pagebreak20250521aba55e5272f14e479c813fd74e6e3aff_202505210faeac4cec7a42799a8096e804b66a56.jpg  5月20日，孙丽娟走在浙江义乌国际商贸城内。  在浙江义乌国际商贸城一区13门1楼的众多商铺中，宏盛玩具老板娘孙丽娟是最早使用AI（人工智能）做外贸生意的商户之一。近年来人工智能技术飞速发展，勇于尝试的孙丽娟在AI加持下，不仅收获了更多外贸客户和订单，还降低了运营成本，甚至连部分产品设计都使用AI辅助。  对着手机录段视频，导入AI平台后可制作36种语言的视频，向全球推广产品。根据需求生成脚本，输出的外语视频还会根据发音调整嘴型。数据显示，在“世界超市”浙江义乌，已有近3万商户常态化使用各种AI工具做生意，仅义乌自主研发的相关AI应用累计使用量就超过了10亿次。  除了录制带货视频，孙丽娟每天在13.5平方米的商铺内对接客户、接单、安排物料、对接生产，一年要工作300多天。“一天又一天，忙碌但不枯燥，每天都是挑战。”孙丽娟说。2010年初结婚领证当天，24岁的她就和丈夫从江西老家赶来义乌创业。经过15年的打拼，如今商铺内展示的数百款仿真娃娃和毛绒玩具都是自家玩具厂产品。  积极拥抱新技术，是孙丽娟的成功“秘诀”之一。她希望，更多的义乌商户像使用计算器一样使用AI，让AI为外贸生意赋能。  新华社记者 韩传号 摄
新华睿思7.0震撼发布：开启AI赋能舆情治理新纪元,2025-05-21 16:41:37,200,  新华网北京5月21日电 20日，“炫力新生 睿启新境”新华网客户端新版上线暨新华睿思V7.0产品发布会在新华媒体创意工场举行。20250521b00fcbdbb2f84e3883102f675ebf9095_20250521a8c4151f71fe4b84879132736f09a93b.jpg  “炫力新生 睿启新境”新华网客户端新版上线暨新华睿思V7.0产品发布会现场 新华网陈杰摄  作为新华网人工智能技术应用领域具有标志性意义的创新成果，新华睿思V7.0深度融合多模态交互、大语言模型等前沿科技，在数据处理效能、分析维度深度以及应用场景拓展等多个关键层面实现重大突破。该系统创新性构建起四维立体感知体系，具备日均处理超4亿条数据的强大能力，数据处理效率较以往提升3倍之多。  同时，依托DeepSeek大模型，新华睿思V7.0实现精准语义解析，多维研判溯源，让隐匿舆情清晰可鉴。不仅如此，系统还整合了1.7亿条经济主体数据与20万亿级消费场景数据，成功打造出产业数智大脑与消费数据服务平台，为行业发展注入全新动能。  新华网首席信息官姚予疆介绍，新华睿思V7.0的发布，意味着舆情监测工作正从传统的“信息收集阶段”迈向智能化的“决策支持时代”。这套先进的系统不仅能够实时捕捉舆情动态变化，更可凭借AI技术对舆情发展趋势进行科学预测，为政府部门和企业单位的决策制定提供坚实的数据支撑与智能参考。
AI筑基新质跃升：解码华为中国行背后的广东智能化跃迁密码​​,2025-05-21 13:33:30,200,"5月15日，华为中国行2025·广东新质生产力创新峰会在广东惠州举行。会上，政产学研用各界深度对话，揭开了广东省在第四次工业革命浪潮中的转型密码。这场以“AI筑基，新质跃升”为题的盛会，不仅展现了人工智能技术深度融入实体经济的鲜活实践，更勾勒出粤港澳大湾区打造全球智能产业高地的战略图景。2025052193d44e9ebae943c9a1bbe2d590318064_202505211114241983rId6image1.jpeg峰会现场AI技术重构生产力：从政策引擎到行业落地的双重突破2024年，广东人工智能核心产业规模超过2200亿元，稳居全国第一方阵。作为国内人工智能产业链最齐全、根技术最完备、应用场景最丰富的集聚区，广东兼具科技创新、先进制造、市场应用等多方面优势。今年以来，广东省再度重磅出台相关措施，用真金白银推动人工智能产业创新发展，展现出传统制造业大省向智能经济转型的坚定决心。在峰会现场，记者了解到，昇腾AI围绕“硬件、算子、加速库、模型、应用”5大方向，联合行业伙伴开发的160余个高性能算子，不仅攻克了众多技术瓶颈，更孵化出40个行业大模型及380余项大模型应用，形成“基础创新-场景突破-产业增值”的良性循环。华为携手客户、伙伴的数字化和智能化实践更为典型：在广州花都区，政企共建的新型工业化数字服务平台，以""工业互联网+AI""双引擎驱动中小企业转型。美的集团依托昇腾平台构建家电全链条智能生态，借 AI 提升生产效率，推动业务融合与产品迭代。华为与广汽共建研发数智化平台，打通研发全流程，实现数字化、智能化协同，降低成本并缩短汽车开发周期。行业智能化转型的广东范式：从痛点破解到价值重构广州市花都区的转型实践同样堪称传统制造业突围的“教科书”案例。这个拥有全国七成皮具出口量的工业强区，曾深陷中小企业“不敢转、不会转”的困局。区生产力促进中心主任吴明昊揭示的转型路径极具启示性：政府投资3.1亿元建设的新型工业化数字服务平台，通过“社区食堂”模式将系统集成、运营维护等重资产投入转化为公共服务，企业仅需支付梯度租金即可享受全链条数字化服务。平台上线首年即吸引1190家企业注册，AI需求挖掘超120项。中医药领域的智能化创新同样令人耳目一新。中医药广东省实验室科技研发部部长潘胡丹展示的“中医横琴大模型”，汇聚超过千余本的中医古籍和名老中医临床数据。这个千亿参数的大模型不仅在中医常规职业考试中取得94分佳绩，更是实现“望闻问切”全流程数智化。颇具象征意义的是，实验室基于昇腾算力构建的凉茶智能调配系统，让传统中医药通过“一带一路”走向葡萄牙市场，实现了文化价值与商业价值的双重输出。医疗健康领域的创新则展现了AI技术的民生温度。广东省第二人民医院院长瞿红鹰披露的数据显示，其与华为共建的“叮呗健康大模型”已覆盖超20个社区，将体检报告生成时间缩短至1分钟，更在糖胖病逆转领域创下95%的早期治愈率。医院打造的“智慧家庭病房”项目，更将健康管理延伸至房地产领域，探索出“数据反哺物业”的商业新模式。在校园，AI技术同样大展身手。惠州市第八中学党委书记曾威表示，该校借助华为在5G、云计算、物联网等领域的技术优势，打造了绿色低碳、全栈自主创新的智慧校园系统，还创办了以创新科技为特色的”华为鸿蒙科技班”。如今，走进校园，无论是教学区、办公区还是生活区，处处都能感受到科技带来的便捷与高效。2025052193d44e9ebae943c9a1bbe2d590318064_202505211114247433rId7image2.png惠州市第八中学智慧教育样板点参观共建的未来图景：从技术攻坚到产业协同峰会期间最引人注目的，是昇腾展现出的强大协同效应。根据会上披露的数据显示，目前昇腾已联合2500余家伙伴孵化5800多个行业解决方案，这种生态势能在DeepSeek大模型的商业化进程中尤为凸显——目前已有超500家企业基于昇腾部署上线DeepSeek，助力中小企业加速转型，提升效率与竞争力。广汽集团的智能化转型则为“AI+制造”提供了鲜活样本。智能驾驶专业总师王代涵展示的全栈自主创新“神型仿真平台”基于昇腾算力实现日均百万公里级测试，将样车研发成本年降超千万。更具战略意义的是，该平台支撑广汽拿下全国首批L3自动驾驶准入资质，这种“技术自主-商业落地”的闭环验证，正在重塑中国汽车产业的全球竞争力。在这场汇聚政产学研各界的峰会上，两条转型主线清晰可见：在技术维度，从单点突破走向系统创新，昇腾的集群化发展印证了""群体智能""超越""单体智能""的产业规律；在应用维度，从效率工具升维为价值引擎，花都工业平台的中小企业赋能、中医药大模型的文化出海、智慧医疗的商业模式创新，共同勾勒出AI技术重构产业价值的多元路径。值得深思的是，广东在这场智能革命中展现出的“问题导向”创新思维。面对中小企业转型之困，花都区以“数字社区食堂”降低技术门槛；针对中医药现代化难题，实验室选择从凉茶这种高频消费切入；破解医疗资源错配时，医院创造性地开发“数据反哺物业”模式。这种将国家战略、地方禀赋、企业优势深度融合的发展智慧，或许正是广东持续领跑新质生产力竞赛的关键密码。"
名篇AI率也“超标”？论文AI率检测“误伤”引争议,2025-05-21 12:14:33,200,  近两年，高校对毕业论文AI生成内容进行规范已成趋势，但一些论文AI率被误判的现象也时有发生。近期，《荷塘月色》《流浪地球》等经典作品被检出高AI率，再次引起“原创论文被判高AI率”等话题的讨论。  据调查，许多学生担心论文AI率被误判过高影响毕业，甚至不惜花钱降AI率。检测论文AI率有必要吗？现有的AI率检测方式靠不靠谱？如何避免“唯AI论”？新华每日电讯记者进行了调查。  AI率“超标”加重“毕业焦虑”  恰逢毕业季，随着越来越多高校将“AI生成内容检测率”（简称AI率）纳入论文审核体系，各大社交媒体平台上有关论文AI率“亮红灯”的抱怨与求助信息也大量涌现——小红书平台上“论文AI率高怎么办”相关笔记高达382万多篇，抖音平台上一条吐槽论文AI率的视频获得20多万点赞，上万条评论大多围绕“论文AI率高到离谱”展开分享和讨论。  一位来自北京某高校的毕业生张雨凡（化名）说：“自己纯‘手打’的论文，AI率85%，难道我是人机？”记者浏览各大平台发现，原创论文测出AI率高于60%的学生“一抓一大把”，甚至有人高达100%。一位网友表示：“思路和语言都是自己的，AI率100%，到底咋回事？”  为了一探究竟，有人将《荷塘月色》和《流浪地球》的片段上传至某常用论文AI率检测系统，结果显示，两篇作品的AI生成总体疑似度达到62.88%和52.88%，随后更爆出《滕王阁序》AI率达100%，网友调侃：“建议取消王勃进士‘学位’。”  至此，越来越多大学生开始“喊冤”。西部一政法类高校学生秦成（化名）表示，进行AI率检测时，连自己的学院、班级、学号、姓名都被判定为AI生成，“不明白这种检测有什么意义”。不少受访者提出质疑：“AI是人创造的、模仿人的工具，现在人被AI率逼得无路可走。”  记者了解到，目前并非所有高校都明确检测论文AI率，但焦虑情绪已在蔓延。记者浏览各大社交媒体平台发现，许多毕业生担心因此影响毕业、找工作，微博一条名为“论文致恨”的话题下，论文AI率激发了对毕业负面体验的热烈讨论，一些教师和非毕业年级学生也加入吐槽队伍。  伴随愈演愈烈的“降AI率”压力，“降AI商机”应运而生。记者调查发现，各大平台花钱“降AI率”的广告随处可见，价格少则几十元、多则几百元，一些商家拿钱后没降到许诺的数字，被要求再降时，称“不加钱就拉黑”。  记者随机私聊了一位“降AI率”服务博主，对方说一篇3万字、AI率45%的论文，花150元可以降到个位数，方法是“纯人工调整”，但要先付50%的费用。  测AI率有必要吗？现行检测技术靠不靠谱？  西部某政法类高校教授指出，人工智能融入教育是必然趋势，但要谨防AI滥用导致的学术造假，将AI技术用于“正道”。记者了解到，随着人工智能技术在材料整合、写作等方面越来越“聪明”，对学习和教育的介入越来越深，为了避免学生出现“AI依赖症”，干扰毕业论文考察效果，一些高校已经开始对AI工具参与学术的尺度进行规范。  例如，复旦大学发文对学生使用AI工具提出细化要求和惩处措施，比如禁止使用AI工具进行研究方案设计、创新性方法设计等。北京师范大学要求学生使用生成式AI完成作业时，需标红相关内容，且直接生成的内容不能超过全文的20%。天津科技大学规定，若本科生毕业论文AI率超40%，学院将向学生发出警示，要求自查自纠，修改后在相关平台检测通道复检。  记者发现，由于相关技术、标准尚在探索阶段，目前高校针对论文AI率超标的处理趋于审慎，更多是引导修改，而非直接等同于代写、剽窃。  那么，现有的AI率检测模式究竟靠不靠谱？多名专家指出，首先，“AI生成”不是“AI原创”，而是AI基于人类创作的语料、模仿人类思考表达模式合成的“产物”。AI论文反识别，本质上是基于概率的可能性测算，并不能断定“论文由AI生成或由AI帮助完成”。  同时，现有的AI率检测平台评判标准不同、检测方式存在偏差，知网、维普的AI率检测结果普遍低于PaperYY、PaperPass等平台。记者将一篇毕业论文进行检测发现，在PaperYY和PaperPass上的AI率分别为50%和70%，在知网检测系统上只有5%。  “我校今年引入知网AIGC（人工智能生成的内容）检测系统，从工科看，虽然AIGC检测在论文结构完整性等方面能给出值得借鉴的建议，但也暴露出程式化表达、客观描述易被误判为AIGC的问题。”西部某政法类高校教授说。  兰州大学高等教育研究院副教授罗杨洋指出，AI率检测和复制率检测本质上都是语言检测，不仅可以通过语言修改规避检测，使“李鬼”逍遥法外，还存在误判风险，使“李逵”蒙冤。只有跳出语言“查重”思维转向成果内容评价，才能保护创新，促进创新。  “知AI善用”，探索AI赋能教育“良策”  专家指出，AI工具已成为学习的重要助力，高校一方面要避免“唯AI是从”，不让工具凌驾于人的思考和判断之上，另一方面亟需优化检测技术、提升AI率检测参与学术规范的灵活度，分层分级分步探索AI赋能教育。  某受访教授指出，学术论文包含大量专业术语和逻辑论证，检测模型的适用性极为重要。建议相关部门、高校、科研机构形成合力，研发适配学术论文的自然语言处理算法和机器学习模型，拓宽数据库覆盖面，从而对文本特有的语言风格、语义结构等进行细致、准确分析。  该教授认为，用“一把固定的尺子”丈量不同标准的论文过于“一刀切”，建议高校根据自身学科特点甄选AI率检测工具，同时探索设置适用于学术论文的AI率阈值区间，针对不同学科特点、论文类型设置不同比例的AI率限制，提升AI率检测参与学术考察的灵活度，让学生不再被动地“削足适履”降AI率。  提升巩固AI率检测背后的“支撑项”也尤为重要。教育部人工智能助推教师队伍建设行动试点工作指导专家组秘书长郭绍青指出，培养AI通用大模型“成长”的语料来源多元、真假难辨，极易出现偏差。提升AI率检测的准确性和可参考性，除了匡正大模型，还要对其背后的语料库进行检测和监管，建议相关部门连同高校，探索建立基础性、常识性、权威性的知识信息语料库。  其实，公众对“AI率”的讨论背后，是对人工智能时代新型高等教育模式的期望。北京师范大学教授、未来教育高精尖创新中心执行主任余胜泉指出，智能技术在教育教学中应用的方向，是成为支撑学生认知能力扩展的工具。建议高等教育领域探索适应信息时代的育人模式，实现从个体认知到人机结合分布式认知的转变，构建多态、多境、跨越的课程体系，打造面向成长的发展性评估模式。  记者了解到，一些高校已将人工智能课程纳入教学体系，如复旦大学计划推出“AI大课”，实现“AI课程覆盖全体本研学生”。在兰州大学等高校，“人工智能+课程”的教学模式正逐渐应用。  罗杨洋指出，我国高等教育领域的AI技术应用刚刚起步，在体制机制、基础设施层面加强规范和引导的同时，建议开发更加多元的AI课程，同时提升师生AI素养，加强技术伦理教育。对AI率检测，要中性对待、理性评估，在使用中优化，在探索中完善。（记者 姜伟超 王紫轩 李杰 王俊杰）
瞄准AI等前沿领域&nbsp;全球投资者看好中国资产新机遇,2025-05-21 11:03:21,200,  5月19日至20日，在深交所主办的2025全球投资者大会期间，围绕中国发展新质生产力和支持AI等前沿领域科技创新，来自19个国家和地区的近400名金融和监管机构代表热议投资中国的新机遇。  以DeepSeek为代表的中国科技产品正吸引着越来越多全球投资者关注中国资产、投资中国市场。与会各方纷纷表示，中国制造业和产业链优势为下一轮升级周期奠定了基础，中国新质生产力正在走向世界，对中国创新和新产业机会持乐观态度。  摩根士丹利中国首席经济学家邢自强表示，过去几年，中国企业的新质生产力蓬勃发展，已经形成三条明晰脉络：在高端制造业、智能驾驶、新能源转型等前沿产业方面积累了很多先发优势；人工智能产业方面，围绕软件、硬件、应用落地等领域持续发展，构建了全产业链、全生态系统的完整闭环；传统制造业的转型升级方面，中国企业的技术含量、附加值都在不断提升。“中国AI产业发展引发了全球投资者对中国创新能力的重估，海外资金对中国市场的信心明显增强。”邢自强表示。  “近期在与海外投资者频繁沟通时，我感受到无论是量化基金还是做市商，海外投资者都希望能更好地参与中国市场。”瑞银全球金融市场部中国主管房东明表示。  “过去一周，我们在深圳的‘中国投资峰会’上会见了许多投资者。出席人数创历史新高，证明了投资者的浓厚兴趣，一些海外投资者多年来首次前往中国。许多投资者赞扬了中国最近的政策一致性和明确性，并看好中国持续的技术进步。”美银中国区行政总裁暨大中华地区固定收益、货币及商品市场销售部主管王伟表示，从亚洲基金经理的调查中也可以看出，越来越多的投资者正在寻找在中国的投资机会。  中国新质生产力的哪些方面对境外长线资金具备较独特的吸引力？  在未来资产环球投资（香港）有限公司首席投资官安珠姬看来，近年来跨国企业正在加速推进供应链多元化战略。中国具备将颠覆性创新技术深度融入生产流程的能力。凭借高技术、高效率、高质量、高性价比的独特优势，更多高附加值和精密制造产业更可能选择留驻中国。这一趋势在人工智能、机器人、清洁能源、生物技术等新兴领域尤为明显。  安珠姬认为，“机器人领域与电动汽车领域的供应链具有一定相似性，两个行业的制造过程均涉及机械、电气、电脑系统与电池管理的深度融合。中国作为全球新能源汽车制造领军者，其机器人领域的智能制造发展速度预计将远超其他国家。”  安本投资亚太多资产投资主管Irene Goh认为，新质生产力浪潮下，中国以超半数全球专利申请、70%太阳能板产能等硬核实力重塑经济版图，驱动全球竞争与合作。技术迭代加速背景下，投资需以动态视角捕捉机器人、清洁能源等新场景，共享创新红利与产业变革机遇。  施罗德投资北亚区行政总裁、亚太区业务策略主管Gopi Mirchandani指出，人工智能的发展，可以提升生产效率、降低成本，中国AI创新引领全球，部分领域已超越西方国家，人工智能、机器人发展对算力需求大幅提升，云计算、芯片、硬件等迎来投资机遇。  聚焦AI、生物医药等前沿创新领域，多位参会代表表示，外资机构正逐步提升中国资产配置比例，市场也将迎来价格重估。  摩根士丹利董事总经理、中国在岸股票业务主管沈黎表示，近期境外投资者尤其是长期资本表现出了较高的耐心和热情，整体资金流向自2024年四季度以来呈现净流入的态势。在近期结束的摩根士丹利中国BEST会议上，80%以上的投资者表示近期有可能增加对中国股票的敞口。  近年来，中国资本市场高水平开放稳步推进，以新“国九条”为引领的资本市场制度型开放的空间不断扩大，中国市场对外资的吸引力不断提高，外资机构也迎来了新的发展机遇。为了更好地服务全球投资者跨境资产配置需求，19日，深交所下属的深圳证券信息有限公司与恒生指数有限公司合作编制并联名发布了国证恒生大湾区数字经济指数、国证恒生大湾区消费指数。另外，大会期间，20家代表新一代信息技术、新能源、生物医药、智能制造等领域新质生产力的深市上市公司也与境外投资者开展了路演交流。5月21日，深交所和港交所还将联合组织20余家境外投资者走进深市上市公司。  下一步，深交所表示，将按照中国证监会统一部署，坚持市场化、法治化、国际化方向，深化改革、扩大开放、优化服务，持续稳定和活跃资本市场，为全球投资者参与中国资本市场营造良好环境，共同分享中国经济高质量发展红利。（记者 韦夏怡）
AI领域国家级专精特新“小巨人”企业已超400家,2025-05-21 10:48:49,200,  记者5月20日从工业和信息化部获悉，我国已累计培育400余家人工智能（AI）领域国家级专精特新“小巨人”企业。下一步，工业和信息化部将从供给、应用、生态等方面进一步发力，加强通用大模型和行业大模型研发布局，加快下一代超级终端产业化、商业化进程，引导耐心资本加大支持力度，加快培育一批行业龙头企业和专精特新中小企业。  目前我国已形成覆盖基础层、框架层、模型层、应用层的完整的人工智能产业体系。工业和信息化部科技司相关负责人介绍，我国算力规模居全球前列，钢铁、煤炭等高质量行业数据集持续涌现。“我们围绕人工智能芯片、算法框架、大模型等组织‘揭榜挂帅’，培育出一批竞争力强的通用大模型和行业大模型。支持创建具身智能、人形机器人、智能语音等国家制造业创新中心，加快前沿技术和关键共性技术突破。”  与此同时，人工智能应用赋能扎实推进。大模型在电子、原材料、消费品等行业加快落地，在研发设计、中试验证、生产制造、运营管理等环节得到应用，智能工厂、智能车间等新模式新业态不断涌现。  据悉，下一步工业和信息化部将全力推进人工智能赋能新型工业化。一端抓供给，组织人工智能赋能新型工业化“揭榜挂帅”攻关，加强通用大模型和行业大模型研发布局，加快建设工业领域高质量数据集，夯实基础底座，推动“智能产业化”。一端抓应用，推动制造业全流程、重点行业、重点产品智能升级，加快下一代超级终端产业化、商业化进程，推动“产业智能化”。  与此同时，将从整体上持续壮大生态，引导耐心资本加大支持力度，加快培育一批行业龙头企业和专精特新中小企业，加快关键急需标准研制。加强人才引育、伦理治理和国际合作，持续营造良好的产业生态。（记者 郭倩）
瞄准AI等前沿领域——全球投资者看好中国资产新机遇,2025-05-21 10:33:06,200,  5月19日至20日，在深交所主办的2025全球投资者大会期间，围绕中国发展新质生产力和支持AI等前沿领域科技创新，来自19个国家和地区的近400名金融和监管机构代表热议投资中国的新机遇。  以DeepSeek为代表的中国科技产品正吸引着越来越多全球投资者关注中国资产、投资中国市场。与会各方纷纷表示，中国制造业和产业链优势为下一轮升级周期奠定了基础，中国新质生产力正在走向世界，对中国创新和新产业机会持乐观态度。  摩根士丹利中国首席经济学家邢自强表示，过去几年，中国企业的新质生产力蓬勃发展，已经形成三条明晰脉络：在高端制造业、智能驾驶、新能源转型等前沿产业方面积累了很多先发优势；人工智能产业方面，围绕软件、硬件、应用落地等领域持续发展，构建了全产业链、全生态系统的完整闭环；传统制造业的转型升级方面，中国企业的技术含量、附加值都在不断提升。“中国AI产业发展引发了全球投资者对中国创新能力的重估，海外资金对中国市场的信心明显增强。”邢自强表示。  “近期在与海外投资者频繁沟通时，我感受到无论是量化基金还是做市商，海外投资者都希望能更好地参与中国市场。”瑞银全球金融市场部中国主管房东明表示。  “过去一周，我们在深圳的‘中国投资峰会’上会见了许多投资者。出席人数创历史新高，证明了投资者的浓厚兴趣，一些海外投资者多年来首次前往中国。许多投资者赞扬了中国最近的政策一致性和明确性，并看好中国持续的技术进步。”美银中国区行政总裁暨大中华地区固定收益、货币及商品市场销售部主管王伟表示，从亚洲基金经理的调查中也可以看出，越来越多的投资者正在寻找在中国的投资机会。  中国新质生产力的哪些方面对境外长线资金具备较独特的吸引力？  在未来资产环球投资（香港）有限公司首席投资官安珠姬看来，近年来跨国企业正在加速推进供应链多元化战略。中国具备将颠覆性创新技术深度融入生产流程的能力。凭借高技术、高效率、高质量、高性价比的独特优势，更多高附加值和精密制造产业更可能选择留驻中国。这一趋势在人工智能、机器人、清洁能源、生物技术等新兴领域尤为明显。  安珠姬认为，“机器人领域与电动汽车领域的供应链具有一定相似性，两个行业的制造过程均涉及机械、电气、电脑系统与电池管理的深度融合。中国作为全球新能源汽车制造领军者，其机器人领域的智能制造发展速度预计将远超其他国家。”  安本投资亚太多资产投资主管Irene Goh认为，新质生产力浪潮下，中国以超半数全球专利申请、70%太阳能板产能等硬核实力重塑经济版图，驱动全球竞争与合作。技术迭代加速背景下，投资需以动态视角捕捉机器人、清洁能源等新场景，共享创新红利与产业变革机遇。  施罗德投资北亚区行政总裁、亚太区业务策略主管Gopi Mirchandani指出，人工智能的发展，可以提升生产效率、降低成本，中国AI创新引领全球，部分领域已超越西方国家，人工智能、机器人发展对算力需求大幅提升，云计算、芯片、硬件等迎来投资机遇。  聚焦AI、生物医药等前沿创新领域，多位参会代表表示，外资机构正逐步提升中国资产配置比例，市场也将迎来价格重估。  摩根士丹利董事总经理、中国在岸股票业务主管沈黎表示，近期境外投资者尤其是长期资本表现出了较高的耐心和热情，整体资金流向自2024年四季度以来呈现净流入的态势。在近期结束的摩根士丹利中国BEST会议上，80%以上的投资者表示近期有可能增加对中国股票的敞口。  近年来，中国资本市场高水平开放稳步推进，以新“国九条”为引领的资本市场制度型开放的空间不断扩大，中国市场对外资的吸引力不断提高，外资机构也迎来了新的发展机遇。为了更好地服务全球投资者跨境资产配置需求，19日，深交所下属的深圳证券信息有限公司与恒生指数有限公司合作编制并联名发布了国证恒生大湾区数字经济指数、国证恒生大湾区消费指数。另外，大会期间，20家代表新一代信息技术、新能源、生物医药、智能制造等领域新质生产力的深市上市公司也与境外投资者开展了路演交流。5月21日，深交所和港交所还将联合组织20余家境外投资者走进深市上市公司。  下一步，深交所表示，将按照中国证监会统一部署，坚持市场化、法治化、国际化方向，深化改革、扩大开放、优化服务，持续稳定和活跃资本市场，为全球投资者参与中国资本市场营造良好环境，共同分享中国经济高质量发展红利。（记者 韦夏怡）
论文AI率检测“误伤”引争议,2025-05-21 10:13:58,200,  近两年，高校对毕业论文AI生成内容进行规范已成趋势，但一些论文AI率被误判的现象也时有发生。近期，《荷塘月色》《流浪地球》等经典作品被检出高AI率，再次引起“原创论文被判高AI率”等话题的讨论。  据调查，许多学生担心论文AI率被误判过高影响毕业，甚至不惜花钱降AI率。检测论文AI率有必要吗？现有的AI率检测方式靠不靠谱？如何避免“唯AI论”？新华每日电讯记者进行了调查。  AI率“超标”加重“毕业焦虑”  恰逢毕业季，随着越来越多高校将“AI生成内容检测率”（简称AI率）纳入论文审核体系，各大社交媒体平台上有关论文AI率“亮红灯”的抱怨与求助信息也大量涌现——小红书平台上“论文AI率高怎么办”相关笔记高达382万多篇，抖音平台上一条吐槽论文AI率的视频获得20多万点赞，上万条评论大多围绕“论文AI率高到离谱”展开分享和讨论。  一位来自北京某高校的毕业生张雨凡（化名）说：“自己纯‘手打’的论文，AI率85%，难道我是人机？”记者浏览各大平台发现，原创论文测出AI率高于60%的学生“一抓一大把”，甚至有人高达100%。一位网友表示：“思路和语言都是自己的，AI率100%，到底咋回事？”  为了一探究竟，有人将《荷塘月色》和《流浪地球》的片段上传至某常用论文AI率检测系统，结果显示，两篇作品的AI生成总体疑似度达到62.88%和52.88%，随后更爆出《滕王阁序》AI率达100%，网友调侃：“建议取消王勃进士‘学位’。”  至此，越来越多大学生开始“喊冤”。西部一政法类高校学生秦成（化名）表示，进行AI率检测时，连自己的学院、班级、学号、姓名都被判定为AI生成，“不明白这种检测有什么意义”。不少受访者提出质疑：“AI是人创造的、模仿人的工具，现在人被AI率逼得无路可走。”  记者了解到，目前并非所有高校都明确检测论文AI率，但焦虑情绪已在蔓延。记者浏览各大社交媒体平台发现，许多毕业生担心因此影响毕业、找工作，微博一条名为“论文致恨”的话题下，论文AI率激发了对毕业负面体验的热烈讨论，一些教师和非毕业年级学生也加入吐槽队伍。  伴随愈演愈烈的“降AI率”压力，“降AI商机”应运而生。记者调查发现，各大平台花钱“降AI率”的广告随处可见，价格少则几十元、多则几百元，一些商家拿钱后没降到许诺的数字，被要求再降时，称“不加钱就拉黑”。  记者随机私聊了一位“降AI率”服务博主，对方说一篇3万字、AI率45%的论文，花150元可以降到个位数，方法是“纯人工调整”，但要先付50%的费用。  测AI率有必要吗？现行检测技术靠不靠谱？  西部某政法类高校教授指出，人工智能融入教育是必然趋势，但要谨防AI滥用导致的学术造假，将AI技术用于“正道”。记者了解到，随着人工智能技术在材料整合、写作等方面越来越“聪明”，对学习和教育的介入越来越深，为了避免学生出现“AI依赖症”，干扰毕业论文考察效果，一些高校已经开始对AI工具参与学术的尺度进行规范。  例如，复旦大学发文对学生使用AI工具提出细化要求和惩处措施，比如禁止使用AI工具进行研究方案设计、创新性方法设计等。北京师范大学要求学生使用生成式AI完成作业时，需标红相关内容，且直接生成的内容不能超过全文的20%。天津科技大学规定，若本科生毕业论文AI率超40%，学院将向学生发出警示，要求自查自纠，修改后在相关平台检测通道复检。  记者发现，由于相关技术、标准尚在探索阶段，目前高校针对论文AI率超标的处理趋于审慎，更多是引导修改，而非直接等同于代写、剽窃。  那么，现有的AI率检测模式究竟靠不靠谱？多名专家指出，首先，“AI生成”不是“AI原创”，而是AI基于人类创作的语料、模仿人类思考表达模式合成的“产物”。AI论文反识别，本质上是基于概率的可能性测算，并不能断定“论文由AI生成或由AI帮助完成”。  同时，现有的AI率检测平台评判标准不同、检测方式存在偏差，知网、维普的AI率检测结果普遍低于PaperYY、PaperPass等平台。记者将一篇毕业论文进行检测发现，在PaperYY和PaperPass上的AI率分别为50%和70%，在知网检测系统上只有5%。  “我校今年引入知网AIGC（人工智能生成的内容）检测系统，从工科看，虽然AIGC检测在论文结构完整性等方面能给出值得借鉴的建议，但也暴露出程式化表达、客观描述易被误判为AIGC的问题。”西部某政法类高校教授说。  兰州大学高等教育研究院副教授罗杨洋指出，AI率检测和复制率检测本质上都是语言检测，不仅可以通过语言修改规避检测，使“李鬼”逍遥法外，还存在误判风险，使“李逵”蒙冤。只有跳出语言“查重”思维转向成果内容评价，才能保护创新，促进创新。  “知AI善用”，探索AI赋能教育“良策”  专家指出，AI工具已成为学习的重要助力，高校一方面要避免“唯AI是从”，不让工具凌驾于人的思考和判断之上，另一方面亟需优化检测技术、提升AI率检测参与学术规范的灵活度，分层分级分步探索AI赋能教育。  某受访教授指出，学术论文包含大量专业术语和逻辑论证，检测模型的适用性极为重要。建议相关部门、高校、科研机构形成合力，研发适配学术论文的自然语言处理算法和机器学习模型，拓宽数据库覆盖面，从而对文本特有的语言风格、语义结构等进行细致、准确分析。  该教授认为，用“一把固定的尺子”丈量不同标准的论文过于“一刀切”，建议高校根据自身学科特点甄选AI率检测工具，同时探索设置适用于学术论文的AI率阈值区间，针对不同学科特点、论文类型设置不同比例的AI率限制，提升AI率检测参与学术考察的灵活度，让学生不再被动地“削足适履”降AI率。  提升巩固AI率检测背后的“支撑项”也尤为重要。教育部人工智能助推教师队伍建设行动试点工作指导专家组秘书长郭绍青指出，培养AI通用大模型“成长”的语料来源多元、真假难辨，极易出现偏差。提升AI率检测的准确性和可参考性，除了匡正大模型，还要对其背后的语料库进行检测和监管，建议相关部门连同高校，探索建立基础性、常识性、权威性的知识信息语料库。  其实，公众对“AI率”的讨论背后，是对人工智能时代新型高等教育模式的期望。北京师范大学教授、未来教育高精尖创新中心执行主任余胜泉指出，智能技术在教育教学中应用的方向，是成为支撑学生认知能力扩展的工具。建议高等教育领域探索适应信息时代的育人模式，实现从个体认知到人机结合分布式认知的转变，构建多态、多境、跨越的课程体系，打造面向成长的发展性评估模式。  记者了解到，一些高校已将人工智能课程纳入教学体系，如复旦大学计划推出“AI大课”，实现“AI课程覆盖全体本研学生”。在兰州大学等高校，“人工智能+课程”的教学模式正逐渐应用。  罗杨洋指出，我国高等教育领域的AI技术应用刚刚起步，在体制机制、基础设施层面加强规范和引导的同时，建议开发更加多元的AI课程，同时提升师生AI素养，加强技术伦理教育。对AI率检测，要中性对待、理性评估，在使用中优化，在探索中完善。（记者 姜伟超 王紫轩 李杰 王俊杰）
2025台北国际电脑展举办&nbsp;展示AI创新成果,2025-05-20 22:53:06,200,20250520e1c34b798a714395b1f3efd866ae41f9_d8f7973de7814d49a0417e33d976c98f.JPG  5月20日，观众在2025台北国际电脑展上参观。新华社记者 李建华 摄  新华社台北5月20日电（记者李建华）2025台北国际电脑展20日在台北南港展览馆举办，吸引来自30多个国家和地区的近1400家展商参与，集中展示AI领域的前瞻性技术和创新解决方案。  本届展会以“AI Next”为主轴，分为“智慧运算&机器人”、“次世代科技”及“未来移动”三个核心展区，展览面积达8万平方米，汇聚英特尔、英伟达、华硕、宏碁等海内外科技大厂，完整呈现AI产业链从底层芯片到终端应用的全景生态。  记者了解到，大陆此次有超过200家企业参展。来自深圳的电脑硬件厂商七彩虹带来新品iGame全能游戏笔记本，内置AI助手可根据用户使用习惯自动优化系统设置；九州风神则展示第二代冰立方AI散热器，通过温度传感器与AI算法联动，实现风扇转速精准控制，噪音降低15%的同时散热效率提升20%。  深圳市国鑫数智科技股份有限公司是一家一体化服务器生产商。公司总监闵淑贞在接受记者采访时说，公司已连续多年参展，今年带来了10款产品，其中8款属于高算力、高性能的AI服务器。  本届展会特别设立“碳中和科技走廊”，展示AI在能源管理、碳足迹追踪等领域的应用，凸显科技产业对可持续发展的责任担当，期间还将举办丰富的周边活动，包括主题演讲、论坛、导览和采购洽谈会等。  展会将持续至23日，预计吸引超10万名观众参观。
新时代中国调研行之文化中华丨在“模速空间”组建一支AI乐队,2025-05-19 15:22:39,200,  “模速空间”是位于上海市的大模型创新生态社区，经历了“从无到有”，目前已有100余家企业入驻，基本形成了涵盖芯片设计、模型算法、数据语料、行业应用等人工智能关键领域的完整生态。  此外，“模速空间”还打造了智能产品体验中心等一批消费新场景。在这里，人们可以通过演奏空气架子鼓、试戴智能眼镜、与下棋机器人对弈，亲身感受人工智能的魅力。  记者：赵宇娇、邓驰旻、陈朔、卿珊、黄雨寒、程思琪
开启体重管理新篇章，瘦吧科技以AI赋能共筑全民健康新防线,2025-05-19 14:51:17,200,  5月11日“世界防治肥胖日”当天，由瘦吧科技举办的“健康体重·因AI新生”国民健康体重管理计划发展大会在北京国际会议中心举行。088e315eb6814e83aea983a0fc4a1a5a.jpg  此次大会以政策为引领、科技为驱动、公益为纽带，推动体重管理从“经验驱动”迈向“数据驱动”新阶段，为健康中国建设注入新动能。近2000名来自全国各地及部分海外国家和地区的包括医生、营养师、健康管理师、体脂管理师等在内的嘉宾参加了本次大会。202505136881ed84a74b4c8281e6311ef184cd94_202505136e8e057efcef433eba851fa3bcdd138c.jpg  AI赋能体重管理，激活健康中国新引擎  瘦吧科技总裁黄祥泓在致辞中表示，超重肥胖已成为威胁国民健康的重要公共卫生问题。作为深耕体重管理领域八年多的科技企业，瘦吧科技基于瘦吧APP内数百万用户的超十亿条真实健康大数据自研形成AI体重管理大模型，并推出AI体脂小助手、AI营养师等应用，赋能其所培育的1万多名认证体脂管理师，联合服务体重管理用户，已经实现365天*24小时的全天候即时服务。在服务过程中，构建了“监测-评估-干预-追踪”的全流程闭环，并通过AI的自主学习不断提升整体服务水平，根据用户的体脂情况变化不断调整体重管理方案。瘦吧科技至今已累计服务130多万用户，帮他们减重共计超过545万公斤。目前，瘦吧APP内的AI营养师功能已面向公众免费开放试用。黄祥泓介绍，瘦吧还将展开“肉肉大转移”公益计划，通过瘦吧APP内的用户减脂数据，公司会配捐对应善款用于支持乡村儿童营养改善，彰显企业社会责任。202505136881ed84a74b4c8281e6311ef184cd94_202505133a21ef43e23145fb982fb306acda38a6.jpg瘦吧科技总裁黄祥泓致辞  瘦吧科技百亿健康补贴计划：普惠科学减重，惠及万千家庭  瘦吧科技联席总裁郭致诚发布和解读了公司推出的“百亿健康补贴·一起来瘦吧”五年行动计划，宣布将投入超百亿的各类资源，通过免费开放AI营养师服务、发动万人营养师团队开展百城万场健康知识科普进社区活动、跨界联动周边相关行业、联合权威媒体宣传推广、携手近百位专家直播科普、提供海量体重管理工具和产品支持、开展“肉肉大转移”公益行动支持等一系列行动，通过企业的力量和资源，将科学体重管理的理念和方案传递给更多的人，帮大家更科学、更健康、更轻松地进行体重管理和健康管理，让体重管理变得更普惠、更可持续。他表示：“科技让健康管理有温度，未来五年，我们致力于让千万家庭触达健康新生活，以个体幸福汇聚成社会进步的涟漪效应。”202505136881ed84a74b4c8281e6311ef184cd94_20250513ad03afe579c2423496d59a49c913d510.jpg瘦吧科技联席总裁郭致诚讲解“百亿补贴·一起来瘦吧”五年行动计划  政策指引：构建全生命周期健康管理生态  国家卫生健康委卫生发展研究中心健康保障研究部副主任郝晓宁说，“体重管理年”行动旨在通过全社会多领域协作破解超重肥胖难题。她指出，长得胖并不代表营养好、身体好，反而是各种慢病的导火索。而体重管理是从源头来控制疾病风险因素，将健康管理的重心从诊疗转变为预防，颠覆了原来的模式。她高度评价了瘦吧科技以AI技术突破传统模式局限，推动体重管理服务的规模化、精准化，表示这是推动国家健康管理服务的非常重要的一支生力军。她再次呼吁政、企、学、研、媒、企等各方力量要携手发力，通过科普宣传、科技支持、专业服务、人人参与等各种方式，共同推进“体重管理年”活动的落地，构建覆盖全生命周期、全人群、全程管理的健康服务体系，为实现“健康中国2030”目标添砖加瓦。202505136881ed84a74b4c8281e6311ef184cd94_202505133bc021616a1341e396d32cda15ceb348.jpg郝晓宁副主任分享体重管理的相关政策与进展  媒体聚力：传播科学理念，架设普惠桥梁  新华网产经中心副总经理王鑫阳认为，媒体是连接政策与公众的核心纽带。新华网联合瘦吧科技发起“国民健康体重管理计划”，依托AI技术实现“精准科普+智慧服务”双轮驱动，通过微博热搜话题、科普大讲堂等创新形式，将专业健康知识转化为老百姓听得懂的语言。这是一次多元化的公益实践与科技创新项目，致力于推动健康中国战略落地与全民健康素养提升。202505136881ed84a74b4c8281e6311ef184cd94_2025051332b4442bf5e848fe8da51b3b88279c72.jpg新华网产经中心副总经理王鑫阳发言  跨界共融：战略合作擘画健康生态蓝图  大会聚焦“政产医学研媒”协同创新，瘦吧科技与中国食品发酵工业研究院、央广网、北京大学达成多项合作：第一，与中国食品发酵工业研究院联合挂牌“健康体重管理食品联合研究院”，开展健康体重管理食品及全场景健康管理生态联合研究与应用，为人们提供更优质的健康食品选择；第二，冠名央广网《中华名医号》大型养生健康IP栏目，联动近百位顶尖专家一起传播健康体重管理知识，让体重管理到达更多国民身边；第三，与北大光华管理学院深化“人机协同机制”研究，通过人工智能与真人营养师协同机制及用户行为的研究，来提升用户服务体验。这一系列合作将整合数据、技术、传播与产业资源，为行业提供从理论到实践的全链条支撑，为国民提供更优质的体重管理产品和服务、更普惠的知识科普。202505136881ed84a74b4c8281e6311ef184cd94_2025051374904237fc184427894810f712d36a68.jpg瘦吧科技×北京大学光华管理学院 科研合作签约仪式202505136881ed84a74b4c8281e6311ef184cd94_20250513932bb880ead34035927e41a100d8e1ab.jpg瘦吧科技×央广网 《中华名医号》冠名合作签约仪式202505136881ed84a74b4c8281e6311ef184cd94_202505130a9961ee1991496b970a5889d1d99319.jpg瘦吧科技×中国食品发酵工业研究院 科研合作签约仪式  公益向光：以个体健康撬动社会福祉  大会升级“肉肉大转移”公益计划，现场向河北省顺平县三所小学捐赠善款并授牌“营养厨房”。该计划通过AI计量系统，将都市人群减脂行动转化为乡村儿童营养帮扶，用户每减脂一公斤瘦吧捐赠1元钱用于改善乡村儿童营养，形成“健康行为-公益转化-社会受益”的可持续闭环。瘦吧科技以模式创新重新定义公益边界，让每一克减去的脂肪承载双重价值——既成就个体健康新生，亦托举乡村儿童成长希望。202505136881ed84a74b4c8281e6311ef184cd94_20250513157e23bc3f9e4faabbec5974ca1b2780.jpg公益捐赠  科学共识：多维合力破解体重管理难题  圆桌论坛环节汇聚了医学、营养学、运动学、心理学等多领域的权威专家和瘦吧公司创始人郭致诚，凝聚跨界智慧。大家一致认为，健康体重管理需科技、政策、心理、运动、营养等方面的多维协同。心理干预可破解情绪性饮食顽疾，政策规范能遏制高热量食品泛滥，碎片化运动适配现代生活节奏，科学膳食需融入日常习惯，而AI技术则通过数据驱动实现精准监测与动态调整。202505136881ed84a74b4c8281e6311ef184cd94_202505132177041eb5724499a8e68ce550a3fbb6.jpg圆桌讨论    中国保健协会刘天鹏教授进一步阐释，体重管理的本质是“热量平衡与行为干预的科学统一”，唯有依托AI技术打破经验局限，方能构建可持续的健康生活方式。202505136881ed84a74b4c8281e6311ef184cd94_2025051358372d387b5b4aa6b6f7bc8e515c873b.jpg刘天鹏教授分享《体重控制与健康管理》  本次“健康体重·因AI新生”大会，是“健康中国2030”战略和“体重管理年”活动落地的一次生动实践，更是数字化时代全民健康管理创新的尝试。从AI技术突破到跨界生态共建，从科学共识凝聚到公益价值升华，大会以“科技向善”为核心，勾勒出全民健康体重管理的清晰路径。未来，瘦吧科技将继续携手各界力量，以科技驱动健康普惠，以创新赋能产业升级，以企业责任造福全民，让健康成为每个中国人触手可及的权利，共同书写健康中国建设的壮丽篇章。
在“模速空间”组建一支AI乐队,2025-05-19 11:26:17,200,  “模速空间”是位于上海市的大模型创新生态社区，经历了“从无到有”，目前已有100余家企业入驻，基本形成了涵盖芯片设计、模型算法、数据语料、行业应用等人工智能关键领域的完整生态。  此外，“模速空间”还打造了智能产品体验中心等一批消费新场景。在这里，人们可以通过演奏空气架子鼓、试戴智能眼镜、与下棋机器人对弈，亲身感受人工智能的魅力。  记者：赵宇娇、邓驰旻、陈朔、卿珊、黄雨寒、程思琪
从职业教育到老年大学&nbsp;“AI+教育”不断解锁新范式,2025-05-18 07:14:08,200,  今年是国家教育数字化战略实施三周年，三年来，人工智能赋能教育，不断解锁教育新范式。  在高中数学课上，“AI教师助手”将三角函数的知识点拆解为层层递进的“问题链”，学生每答一题，系统会自动分析薄弱点，推送针对性练习。  不仅是教学助手，“AI教师助手”还能帮助教师提升能力。通过采集教师课堂教学行为，将教学全过程转化成“可视化”数据，教师可以精准了解自己教学上的优势与不足。  数字化也在助力基础教育扩优提质，赋予“教”与“学”更多可能。  青海西宁市阳光小学依托国家中小学智慧教育平台，放学后，学生们可以自主学习剪纸、刺绣等50多种特色课程，让课后学习实现数字化焕新。  在深圳市，初中二年级的学生们通过头环等设备采集脑电波信号，经人工智能算法分析解码，将其转化为控制信号，驱动机械手运动，在实验中感受人工智能的奇妙。  经过持续探索创新，深圳市南山区二外海德学校已开发了6个与人工智能相关的特色课程，为不同年龄、兴趣的学生提供个性化的学习平台，全方位普及人工智能教育。  实施教育数字化战略行动三年来，全国已遴选出184个中小学人工智能教育基地；推进人工智能助推教师队伍建设行动，教育数字化转型的红利正在被更多师生共享。  锻造AI时代能工巧匠 “数智”技能促进产教融合  当职业教育遇上人工智能，会碰撞出怎样的创新火花？“数智”技能如何锻造AI时代能工巧匠？世界数字教育大会上不乏亮点。  在这个模拟的沉浸式数字课堂里，国内外知名景点被“搬”到学生眼前，让南充文化旅游职业学院的同学们有了更丰富的实践机会。  另一边，湖北三峡职业技术学院联合相关企业打造的5G智能无人机AI灾害预警平台，已经应用在了农产品生产、森林防火、消防救援三类低空经济场景。  这些展项都是职业教育探索运用数智技能的生动实践，而在成果展外，广东科学技术职业学院最近联合头部企业研发的职教专有大模型，为企业生产线上的机械臂规划出最优的传送路径，实现了从教室到生产线的无缝对接。  在专有大模型的助力下，学校创新构建700余个智能体组成的“智能超市”，就像给每位学生配置一位了专属导师，在不同的实训项目中给予个性化建议。同时，着力打造了多个“数字工坊”，通过数字赋能，打通从教室到生产线的路径。  数字赋能终身教育 实现“时时处处”可学  教育数字化为全民教育、终身教育提供了有力支撑，实现“时时处处”可学。  在杭州开放大学的教室里，十几位老年学员正在学习非洲鼓，他们都是在“杭学通”小程序上完成的选课报名。  “杭学通”平台是杭州开放大学建设的面向全体市民的终身学习公共服务平台，整合了各类优质学习资源，集培训课程开设、教育培训报名、学员签到等诸多功能于一体，实现学习服务管理全流程数字化。目前，“杭学通”注册用户已经达到230万人，入驻的社区教育机构超3000个，培训场次超过13万次，累计服务市民超过1893万人次。  而发挥数字技术优势，这个由国家老年大学平台打造的“智慧书法”软硬件设备，不仅能打分，还能点评。据介绍，目前，国家开放大学终身教育平台已服务近6100万人次，老年大学平台服务1.85亿人次。（记者 李晶晶 韩冰 姚文利）
AI视频丨博物馆里的文物总动员,2025-05-17 15:07:42,200,  当闭馆的广播响起，广西合浦汉代文化博物馆内文物“动起来”：铜马散步，铜凤灯伸腰，波斯陶壶唱歌……人潮退去的博物馆成为文物“放松”的舞台。  合浦汉代文化博物馆成立于1978年，是广西境内唯一以汉文化展示为主的遗址类博物馆，馆藏文物5200多件（套），反映汉代合浦作为“海上丝绸之路”始发港的悠久历史。  作者：庞福林、李雨轩、覃广华  新华社音视频部制作
“AI”读民法典｜教你守护“钱袋子”,2025-05-17 11:45:16,200,  5月是我国第五个民法典宣传月。民法典中的物权编可谓是老百姓的“财产安全锁”。从抵押纠纷到居住保障，从共有财产到物权归属。一起学习民法典里哪些硬核法条“手把手”教你守护“钱袋子”。202505179b5df4fce99340ad973279ba7606c537_202505163de54e0e2060440c82927f0a75c8ef81.jpg202505179b5df4fce99340ad973279ba7606c537_20250516af91186c29dc4188b8870c1e1f95b5d9.jpg202505179b5df4fce99340ad973279ba7606c537_202505163454a555873b4d33baf15f73a1b747e7.jpg202505179b5df4fce99340ad973279ba7606c537_20250516e05575c4a8f740098364ad950e280209.jpg202505179b5df4fce99340ad973279ba7606c537_20250516ccc42a8664714c5db371e79020f6cd20.jpg202505179b5df4fce99340ad973279ba7606c537_2025051642f59fdd03634828badeeab2c106c3f6.jpg策划制作：卢俊宇文字来源：中国人大网
“AI”读民法典：教你守护“钱袋子”,2025-05-17 10:48:51,200,  5月是我国第五个民法典宣传月。民法典中的物权编可谓是老百姓的“财产安全锁”。从抵押纠纷到居住保障，从共有财产到物权归属。一起学习民法典里哪些硬核法条“手把手”教你守护“钱袋子”。202505179b5df4fce99340ad973279ba7606c537_202505163de54e0e2060440c82927f0a75c8ef81.jpg202505179b5df4fce99340ad973279ba7606c537_20250516af91186c29dc4188b8870c1e1f95b5d9.jpg202505179b5df4fce99340ad973279ba7606c537_202505163454a555873b4d33baf15f73a1b747e7.jpg202505179b5df4fce99340ad973279ba7606c537_20250516e05575c4a8f740098364ad950e280209.jpg202505179b5df4fce99340ad973279ba7606c537_20250516ccc42a8664714c5db371e79020f6cd20.jpg202505179b5df4fce99340ad973279ba7606c537_2025051642f59fdd03634828badeeab2c106c3f6.jpg策划制作：卢俊宇文字来源：中国人大网
春耕见闻丨“信息+AI+物联”多重技术支撑“掌上春耕”,2025-05-16 16:28:21,200,  春耕时节，在北大荒集团建三江七星农场，现代化农业生产场景展现着一幅“智慧春耕图”。  七星农场部署200余台田间物联网监测设备，通过传感器采集各类田间数据，为“掌上春耕”提供数据支撑。  从“靠天吃饭”到“知天而作”，北大荒集团以“良田+良技”的组合拳激发粮食稳产增产新质生产力。  作者：何山、姜宁、冯龙涛  新华社音视频部制作
让科技更有情感&nbsp;中国移动用AI重构家庭服务,2025-05-16 15:16:02,200,  新华网北京5月16日电  5月15日国际家庭日，中国移动在北京水立方举办发布会，正式推出移动爱家计划，并揭晓“515移动爱家日”全新品牌IP。活动以“移动爱家 移起AI”为主题，通过技术创新与情感关怀，全面展现中国移动“服务为民”的央企担当与战略布局。20250516e8f0e0997d4c44b08aabd2f6477ee356_20250516e36ff32b361d43068de7c25b25c3deda.jpg  中国移动牢记“服务为本”，始终以“人民满意”为服务目标，不仅要让人民“用得上”新技术，更要“用得好”“用得暖”。“AI+”时代已经到来，中国移动依托规模最大的5G网络及AI技术优势，推动家庭服务从“功能普惠”向“价值共创”跃迁。  此次发布的“移动爱家计划”围绕“爱”与“AI”双核驱动，构建“1+5+3”家庭融合运营体系：即“1站式管理”，用户可一键免费建立“爱家亲情圈”，统一管理全家通信账单、代付话费，实现亲情服务零门槛；“5类共享”，打破场景边界，支持语音流量、业务、权益、应用及设备共享；“3重回馈”，推出欢迎礼、爱家礼、聚会礼，以情感化运营深化家庭连接。从“服务一个人”升级为“辐射一个家”，进一步诠释家庭品牌“移动爱家，让家更有AI”的内涵。  中国移动同步启动移动爱家服务“三大升级”，包括更AI的产品，在全国200个城市落地万兆示范小区，推出AI安全监控、AI云电脑、AI眼镜等创新终端，构建全场景智慧家庭生态；更专业的交付，爱家工程师升级为“通信服务管家”，提供全栈式入户解决方案，并试点夜间加急服务，响应效率提升30%；更用心的承诺，升级服务承诺2.0，通过消费透明化、产品标准化、服务专属化，在全国打造超1000个爱家示范小区。  “移动爱家大使”郭晶晶现场分享智慧家庭生活实践，通过灵犀AI助理语音操控家庭影院、万兆网络测速等互动，展现“未来家”的科技温度。她表示：“移动爱家用服务让AI如水电般自然融入我们的家庭，让我们收获更有温度的人间烟火。我觉得这是未来家的样子。”20250516e8f0e0997d4c44b08aabd2f6477ee356_2025051674d777a1600f477a9559e3cb4c828597.jpg  展望智慧家庭的发展，中国移动将持续深化5G-A与AI融合创新，让优质网络连接城乡，智能终端守护家庭，贴心服务呵护用户，书写“让家更有AI”的央企答卷。未来，中国移动将持续深化“515移动爱家日”价值，构建更普惠、更温暖的智慧家庭，通过“移动爱家”品牌，以科技之光点亮万家灯火。
共话中小学AI教育、,2025-05-16 11:31:26,200,  新华网武汉5月16日电 15日，教育部基础教育司在湖北武汉召开2025世界数字教育大会基础教育平行会议。20250516b9cc9494f9f24dcdaa187fba9e329bf6_20250516842d29aea2ee4f5895b3b1581253be15.png会议现场（2025世界数字教育大会会务组供图）  会议以“链接未来：中小学人工智能教育从思考到行动”为主题，由教育部中外人文交流中心、教育部教育技术与资源发展中心（中央电化教育馆）、湖北省武汉市教育局、华中师范大学承办。  教育部基础教育司司长田祖荫在致辞中表示，当前以人工智能为代表的新一轮科技革命正在重塑教育形态，要秉持“以人为本、积极拥抱、引导善用、趋利避害”的原则，真正将“技术之变”转为“教育之机”。他表示，要回归育人本质，共同应对智能时代的机遇和挑战。坚持应用为王，全力构建人工智能教育生态和范式。守住安全底线，携手筑牢人工智能教育的防护屏障与伦理体系。深化开放共享，努力贡献人工智能教育的中国智慧。中国将始终秉持开放合作的态度，与世界各国分享实践经验，为全球青少年打造一个更加智慧、更加包容、更加美好的未来。  湖北省武汉市人大常委会主任胡立山在致辞中表示，要将人工智能教育作为核心引擎，以“未来教师”、“未来课堂”、“未来学校”、“未来学习中心”四轮协同驱动教育改革。首先，以“高校+企业+学校”协同培养机制，推动教师从知识传授者转型为学习引导者。其次，实施数字化、精准化、个性化的课堂教学，通过智能实验室、智慧教室等场景创设，以数据驱动优化校园治理。最后，依托区域教育云平台汇聚全域资源，将学校教育延伸至泛在化学习场景，形成“教师赋能课堂、学校支撑创新、平台拓展生态”的动态循环。  会上，湖北省武汉市教育局局长李超、上海市教委副主任杨振峰、福建省泉州市委教育工委书记刘殊芳、深圳市福田区教育局王巍等分别围绕《以智促变 育见未来——深入实施智能时代武汉教育行动》、《培养智能时代的未来人才：中小学人工智能教育的上海实践》、《AI赋能 教育智变——区域教育数字转型的泉州实践》、《让每个人都拥有专属AI：从孩子开始——教育人工智能全域应用的“福田实践”》等为主题分享各地在人工智能教育实践中的思考和探索。  每个孩子心中，都潜藏着探索世界、创造未来的渴望，浙江省温州市实验中学校长黄慧分享，自2012年起，浙江省温州市实验中学就以创客教育为起点，持续探索技术与教育融合的路径。湖北省武昌水果湖第二小学校长王桢同样表示，湖北省武昌水果湖第二小学以人工智能技术赋能教学，构建跨省跨市数智教育联合体，推动新质教育资源共建共享。当生成式AI遇见教育初心，便能点燃每个生命的可能性，北京市广渠门中学校长蔡雷表示，广渠门中学不仅将AI作为技术工具，更将其视为实现“因材施教”千年理想的教育杠杆，积极进行生成式人工智能赋能学校教育的探索和实践。用得好是真本事、离不开是硬道理，重庆市沙坪坝区树人景瑞小学校长李华表示，景瑞小学每一门学科课程都能与人工智能紧密融合，每一位老师都能执教一门人工智能课程，确保大规模因材施教在国家课程主阵地落地生根  会上，教育部基础教育司和教育部教育技术与资源发展中心（中央电化教育馆），共同发布国家中小学智慧教育平台“育小苗”智能体，并上线人工智能教育专栏。国内外教育行政部门、中小学校长、专家学者和科技企业，分别交流实践经验，分享前沿教育理念。  教育部有关司局和直属单位负责人，部分地方教育行政部门和学校的代表，有关专家和数字技术企业代表参会。
从思考到行动&nbsp;2025世界数字教育大会共话中小学AI教育实践,2025-05-16 11:15:21,200,  新华网武汉5月16日电 15日，教育部基础教育司在湖北武汉召开2025世界数字教育大会基础教育平行会议。20250516b9cc9494f9f24dcdaa187fba9e329bf6_20250516842d29aea2ee4f5895b3b1581253be15.png会议现场（2025世界数字教育大会会务组供图）  会议以“链接未来：中小学人工智能教育从思考到行动”为主题，由教育部中外人文交流中心、教育部教育技术与资源发展中心（中央电化教育馆）、湖北省武汉市教育局、华中师范大学承办。  教育部基础教育司司长田祖荫在致辞中表示，当前以人工智能为代表的新一轮科技革命正在重塑教育形态，要秉持“以人为本、积极拥抱、引导善用、趋利避害”的原则，真正将“技术之变”转为“教育之机”。他表示，要回归育人本质，共同应对智能时代的机遇和挑战。坚持应用为王，全力构建人工智能教育生态和范式。守住安全底线，携手筑牢人工智能教育的防护屏障与伦理体系。深化开放共享，努力贡献人工智能教育的中国智慧。中国将始终秉持开放合作的态度，与世界各国分享实践经验，为全球青少年打造一个更加智慧、更加包容、更加美好的未来。  湖北省武汉市人大常委会主任胡立山在致辞中表示，要将人工智能教育作为核心引擎，以“未来教师”、“未来课堂”、“未来学校”、“未来学习中心”四轮协同驱动教育改革。首先，以“高校+企业+学校”协同培养机制，推动教师从知识传授者转型为学习引导者。其次，实施数字化、精准化、个性化的课堂教学，通过智能实验室、智慧教室等场景创设，以数据驱动优化校园治理。最后，依托区域教育云平台汇聚全域资源，将学校教育延伸至泛在化学习场景，形成“教师赋能课堂、学校支撑创新、平台拓展生态”的动态循环。  会上，湖北省武汉市教育局局长李超、上海市教委副主任杨振峰、福建省泉州市委教育工委书记刘殊芳、深圳市福田区教育局王巍等分别围绕《以智促变 育见未来——深入实施智能时代武汉教育行动》、《培养智能时代的未来人才：中小学人工智能教育的上海实践》、《AI赋能 教育智变——区域教育数字转型的泉州实践》、《让每个人都拥有专属AI：从孩子开始——教育人工智能全域应用的“福田实践”》等为主题分享各地在人工智能教育实践中的思考和探索。  每个孩子心中，都潜藏着探索世界、创造未来的渴望，浙江省温州市实验中学校长黄慧分享，自2012年起，浙江省温州市实验中学就以创客教育为起点，持续探索技术与教育融合的路径。湖北省武昌水果湖第二小学校长王桢同样表示，湖北省武昌水果湖第二小学以人工智能技术赋能教学，构建跨省跨市数智教育联合体，推动新质教育资源共建共享。当生成式AI遇见教育初心，便能点燃每个生命的可能性，北京市广渠门中学校长蔡雷表示，广渠门中学不仅将AI作为技术工具，更将其视为实现“因材施教”千年理想的教育杠杆，积极进行生成式人工智能赋能学校教育的探索和实践。用得好是真本事、离不开是硬道理，重庆市沙坪坝区树人景瑞小学校长李华表示，景瑞小学每一门学科课程都能与人工智能紧密融合，每一位老师都能执教一门人工智能课程，确保大规模因材施教在国家课程主阵地落地生根  会上，教育部基础教育司和教育部教育技术与资源发展中心（中央电化教育馆），共同发布国家中小学智慧教育平台“育小苗”智能体，并上线人工智能教育专栏。国内外教育行政部门、中小学校长、专家学者和科技企业，分别交流实践经验，分享前沿教育理念。  教育部有关司局和直属单位负责人，部分地方教育行政部门和学校的代表，有关专家和数字技术企业代表参会。
AI智能体应用加速落地,2025-05-15 08:08:31,200,2025051517a105686f4e43db9bcf90148e02b86e_20250515147d53be981e4d21bb6b427f2738fa97.png  展商在第五届中国国际消费品博览会现场展示美妆多维全息AI感官行为研究系统。新华社记者 郭 程摄  今年以来，从中央到地方，对培育具身智能、发展智能机器人等作出一系列部署。伴随着技术日新月异，机器人走进你我的生活已不再遥远。本报今天起推出“机器人在身边”系列报道，关注机器人产业的发展与变化。  随着大模型的持续突破，AI智能体热度持续提升。今年以来，从初创企业到科技巨头纷纷加快布局，智能体应用场景持续拓展。北京、上海等地相继出台政策，为智能体发展注入新动能。什么是AI智能体，它可以做什么？AI企业为何纷纷布局智能体？发展智能体需要注意什么问题？  多主体布局智能体  通常认为，AI智能体（AI Agent）是在特定环境中能够自主感知、思考和行动的一种高级的人工智能系统，它能够理解、学习和推理，以执行复杂任务和作出决策。目前，智能体在内容创作助手、知识问答助手、智能助理、AI搜索等场景中已实现应用。  “广义上看，AI智能体是一种能够深度思考、自主规划、作出决策并深度执行的智能应用，但在实现过程中，每个厂商和产品会根据用户人群和使用场景进行不同的变化和组合。”阿里巴巴旗下AI应用夸克的相关负责人说。  今年以来，各家公司接连推出集聚各自优势特长的智能体产品。国产大模型团队Monica发布了通用AI智能体产品Manus，并宣布与阿里通义千问团队正式达成战略合作。智谱AI发布AI智能体产品AutoGLM沉思，推动AI智能体进入“边想边干”新阶段。夸克以“AI超级框”形态打造超级智能体，在搜索、浏览器、扫描、拍题等领域具备优势。联想集团在武夷山、宜昌等城市相继落地“城市超级智能体”，为千行百业和用户提供定制化“人工智能+”引擎。字节跳动Agent产品“扣子空间”新近开启内测。  目前的智能体可以做什么？中国信息通信研究院云计算与大数据研究所副所长栗蔚表示，目前看来，在企业级应用方面，可以应用智能体推动企业降本增效和数据驱动决策的进一步实践。比如，在物流行业，智能体结合仓储机器人，实现自动分拣、路径规划，降低分拣错误率，提升仓库吞吐流转效率；在人力资源管理领域，部署在云端的智能面试官可弹性扩展处理海量视频面试数据，利用云GPU加速的多模态分析评估候选人匹配度，不仅将HR初筛效率提升80%，还通过云端持续学习机制不断优化评估模型，避免人为偏见。  在消费级应用方面，栗蔚认为，智能体聚焦为个人提供场景化服务和个性化体验。例如，快消行业的智能营销引擎运行在云端，通过实时分析用户行为数据流，动态生成千人千面的推荐策略和宣传内容；智慧家居场景中的云边协同智能体，将用户习惯数据上传至云端训练个性化模型，再通过边缘计算节点实时调控家庭环境设备，自动优化温度、灯光、通风等方面的家居环境。  简而言之，智能体的发展会重塑人、AI工具、任务的关系。阿里巴巴集团副总裁吴嘉日前表示，很多人说在AI时代要把所有产品重新做一遍，其实真正内涵是，为了让AI更好地使用工具，要把这些工具重做一遍，“AI使用工具，而人使用AI”。  向商业化落地演进  在技术迭代与市场需求升级两大因素的驱动下，创业公司、互联网大厂相继布局智能体产品和智能体开发平台。底层技术突破与产业价值释放的双向共振，正在催化智能体从技术概念向商业化落地加速演进。根据赛迪顾问测算，未来5年，全球AI智能体市场规模将以超过40%的年均复合增长率保持增长。  政策东风加速产业进程。4月8日，北京市经济和信息化局印发《北京市关于支持信息软件企业加强人工智能应用服务能力行动方案（2025年）》的通知，提出支持通用智能体发展，支持创新主体开发跨领域、多任务、自规划的通用智能体，对已取得生成式人工智能产品服务上线批号、首次在各类应用商店上架的通用智能体，优先协调算力保障，并对运营服务中调用算力和模型成本给予最高不超过3000万元支持。  4月21日，上海市经济和信息化委员会发布《关于开展2025年新一代通用人工智能创新任务揭榜挂帅工作的通知》提到，探索复杂开放环境下有机协同异构异质的众多智能体，并实现可持续的群智涌现问题，攻关多智能体系统与优化决策技术、无人集群系统技术、群智软件技术和群智联邦学习技术等关键技术。  在个人应用方面，夸克运用自身技术能力，帮助实现用户广泛场景的需求。“夸克用一个极简的‘AI超级框’，去做一个个人的全能助手。”吴嘉表示，未来人类本身不再需要直接使用搜索等工具，而是把完整的任务指令直接交给AI，AI会思考、执行，完成最终的任务交付。智能手机在智能体加持下也更懂人类。据悉，荣耀YOYO智能体目前能够完成600项需求意图理解、950项个人习惯记忆、270项复杂任务规划，点咖啡、查询或取消自动续费、生成证件照等操作都可以通过一句话实现。  在赋能企业方面，火山引擎通过HiAgent平台，为多个行业客户提供了多款AI智能体解决方案。“金融行业中，智能体在客户服务、财富管理、展业助手等场景进行相关尝试和探索；医疗行业中，智能体在智能导诊、院内服务、患者健康管理等场景进行相关尝试和探索；教育行业中，智能体在校园百事通、教师课件助手、科研助手等场景进行相关尝试和探索；制造业中，智能体在设备维修助手、研发助手、具身智能等场景进行相关尝试和探索。”火山引擎相关负责人介绍。  在智慧城市领域，近日，联想集团在武夷山、宜昌等城市落地“城市超级智能体”，采用“1×N智能体方案”，即一个超级智能体与多个领域智能体协同工作的模式，将AI能力输送给城市的各行各业和市民游客，实现从政务到民生、产业的全面智能化，以小场景混合形成大场景，推动城市智慧化发展。“智能体通过‘扬长补短’的方式，不仅保留了大模型强大的数据处理能力，同时引入了自我边界判断、主动感知、复杂任务分解和记忆机制，使得人工智能更贴近人类智能的实际应用场景。”联想集团高级副总裁、中国方案服务业务群总经理戴炜说。  赛迪顾问大数据与人工智能产业研究中心分析师韩子哲表示，智能体的自主决策能力和工具调用能力，使得AI不再是孤立的技术模块，而是能够深度嵌入企业运营系统的“生产力单元”，有望解决传统AI应用场景碎片化、投入产出比低等问题，这将推动AI技术在产业侧的应用落地。  关注多种挑战风险  当行业一拥而上涌向智能体时，技术挑战与多种风险也随之而来。  首先需要警惕的就是“伪智能体”。栗蔚表示，随着智能体概念热度的攀升，市场上涌现出一批打着智能体旗号的“伪智能体”，不少公司将传统的技术、现有的产品包装或贴牌成智能体，通过营销策略进行宣传，误导用户。  其次需要关注技术瓶颈。韩子哲表示，要关注智能体认知可靠性的技术瓶颈，包括机器幻觉、决策黑箱等问题，这是保障智能体可信决策的技术基础。栗蔚表示，AI智能体高度依赖大语言模型，但其生成内容的准确性、上下文理解能力仍不能满足生产级场景的应用需求，机器幻觉问题的存在可能导致金融、医疗等高风险领域的决策失误。  再次是成本问题同样需要关注。使用智能体在执行大型复杂任务时，Token的消耗量显著上升。比如，Manus将推理成本控制在OpenAI旗下智能体DeepReaserch推理成本的十分之一左右，每个任务仍需消耗50万至200万Tokens。“随着用户量和用户使用量增加，算力资源的指数级增长是智能体落地不可避免的成本投入。而超大规模GPU集群的算力需求远超传统数据中心的调度能力，需依托AI云、算力互联网等新型算力互联调度架构实现高效低成本算力调用。”栗蔚说。  最后要关注技术生态与协作标准化问题。技术生态与协作标准化问题是决定AI智能体规模化落地和跨场景协同能力的关键。然而，当前协议标准“多强混战”，尚未形成统一标准，协同效率未能有效提升。韩子哲认为，行业用户需重视内部高质量数据集的构建，基于业务场景沉淀数据，以高质量数据驱动智能体的优化，再反哺业务价值提升，从而形成良性闭环。栗蔚建议，行业亟需构建类似互联网协议簇的统一标准，优化多智能体架构释放协同潜力，共同推动AI智能体从“单点突破”迈向“生态繁荣”。  从技术验证迈向规模化落地关键期，AI智能体发展与我国经济社会数字化转型需求高度契合。面向未来，需统筹技术创新与治理体系建设，在夯实自主可控技术基座的同时，推动产学研用协同攻关，探索智能体技术与实体经济深度融合的可持续模式，为数字时代生产力跃升注入持久动能。（中国经济网记者 李 方）
上万次敲击+AI赋能&nbsp;传统技艺华丽转身,2025-05-14 14:06:50,200,  近日，河北省级非遗项目郭氏铁板浮雕代表性传承人郭墨涵将传统铜雕与AI技术巧妙融合，创作出栩栩如生的铜版青头潜鸭浮雕。作品既保留了手工锤锻的细腻质感，又借助科技手段呈现出动态效果。郭墨涵表示，创作过程中的上万次敲击，是匠心独运的沉淀；而科技的融入，则让传统技艺焕发出了新的活力。（王立鹏）
中国医疗队完成几内亚首例AI辅助人工全髋关节置换术,2025-05-14 10:58:48,200,　　新华社科纳克里5月13日电（记者张健）当地时间13日上午，第31批援几内亚中国医疗队在中几友好医院与当地医生联合完成该国首例人工智能（AI）辅助全髋关节置换术。　　这名当地患者41岁，左侧髋臼发育不良，因长期骨关节磨损导致行动严重受限。医疗队骨科专家刁乃成作为主刀医师，与放射科医生刘朋及国内远程团队协作，运用AI技术对患者骨骼结构进行了高精度三维建模。1dad36926055403b8ddfab020a13d7c0.jpg  5月13日，在几内亚首都科纳克里的中几友好医院，中国医疗队骨科专家刁乃成医师为患者实施手术。新华社发（第31批援几内亚中国医疗队供图）　　AI系统不仅快速勾勒出患者骨骼的复杂形态，还通过大数据分析，模拟出多种手术方案，并智能推荐最优方案。在此基础上，手术团队进行了详细的术前规划，从假体型号的精准选择到植入角度的精确计算，每一个环节都做到个体化定制，确保假体与患者自身骨骼完美匹配。　　手术全程历时90分钟，在中几双方医护人员协作下完成。中国医疗队通过远程会诊系统实现与国内专家的实时数据共享，克服了当地医疗设备限制。术后监测显示患者生命体征平稳，预计一周内可借助助行器下地活动。843c53f7aad844f1b2b50ad4bf865e89.jpg  5月13日，在几内亚首都科纳克里的中几友好医院，中国医疗队骨科专家刁乃成医师为患者进行术前检查。新华社发（第31批援几内亚中国医疗队供图）　　“这是AI技术与现代医学在非洲土地上的一次开创性结合。”刁乃成医师表示，“我们借助云端协作技术，打破地域限制，将国内先进的数字骨科经验毫无保留地引入几内亚，为当地患者带来更优质的医疗服务。”　　医疗队队长王宾表示，此次手术不仅填补了几内亚在AI辅助全髋关节置换术领域的技术空白，更为未来骨科机器人手术的开展提供了宝贵的实践经验。后续医疗队将在当地推动建立“中几数字骨科联合实验室”，通过技术共享、学术交流、人才培训等多种方式，持续提升几内亚的医疗技术水平。
英矽智能再递表&nbsp;冲刺港交所AI创新药第一股,2025-05-13 17:25:22,200,  5月8日，InSilico Medicine Cayman TopCo（以下简称“英矽智能”）更新招股书，再次冲击港交所主板，有望成为港股“AI创新药第一股”。此次IPO由摩根士丹利、中金公司和广发融资担任联席保荐人。  英矽智能成立于2014年，作为全球领先的AI驱动生物科技公司，凭借其自主开发的生成式AI平台Pharma.AI，在药物研发领域实现了显著突破。根据弗若斯特沙利文的资料，公司目前拥有一项处于II期临床阶段的资产，为同业公司中最先进的研发项目。招股书显示，Pharma.AI平台已成功产生逾20项临床或IND阶段资产，3项已授权予国际制药及医疗保健公司，交易总金额超过20亿美元。此外，公司亦正将Pharma.AI的应用范围扩展至多个行业，包括先进材料、农业、营养产品及兽医药物领域。  财务数据显示，2022年至2024年，英矽智能营收持续增长，分别为3014.7万美元、5118万美元和8583.4万美元，毛利率显著提升，分别为63.4%、75.4%和90.4%。但是，英矽智能尚未盈利，2022年至2024年，亏损分别为2.22亿美元、2.12亿美元、1709.6万美元，年内亏损的持续收窄，反映出公司盈利能力的逐步增强。  英矽智能的临床管线中，ISM001-055（用于治疗特发性肺纤维化）于2024年8月在中国完成IIa期临床试验，于2024年10月公布顶线数据，并获得了FDA的孤儿药资格认定。此外，ISM3091（USP1抑制剂）和ISM5043（KAT6抑制剂）等药物已通过对外授权实现商业化价值，其中ISM3091的首付款达8000万美元。  英矽智能计划将IPO募集资金用于关键临床阶段管线的推进、AI模型开发、自动化实验室扩展及早期药物研发。此次IPO若成功，英矽智能将成为港股市场AI制药领域的标杆企业。然而，其长期表现仍需依赖管线进展和技术落地的实际成效。（实习生许美惠对本文亦有贡献）
高考临近，名师AI齐上阵？&nbsp;别把“押题”当备考“神器”,2025-05-13 15:11:08,200,  进入五月中旬，距2025年高考已不足一个月。应届学子和家长紧张备考的同时，“高考周边”也在持续火热销售。其中，“考题”显然是关注度最高也最有“文章”可做的部分。一时间，“绝密”预测卷满天飞，名师和AI齐上阵……对待种种“押题”路数，考生还需端正心态，勿被纷繁说法扰乱节奏。20250513b530e06d52dc47d1bc27901ce42e9805_202505133292eed6b0f3468cbf8fd7e241c2966f.jpg  高价试卷能押题？  踩上知识点就算  “不算泄题吧？2025高考预测卷已曝光，速来！考试就像抄答案”“年年押中，拼的是硬实力”……冲刺阶段，能够帮助考生培养手感、保持应试状态的成套试题是必不可少的。相较售价几十元的模拟试卷，一些试卷打出“预测”甚至“押题”的名号，换用厚实的牛皮纸袋包装，价格便飙升至三四百元。  记者发现，与往年相比，今年的试卷还出现了抢先预售、限期优惠、限时销售等模式。一家机构在直播间称，所出押题卷5月起发售，优惠价每套298元，5月10日恢复原价398元，6月1日停止销售。  为什么5月才发货？商家给出的理由显得颇为神秘，“是为了避开每年高考命题的‘反押题’，并加入三四月份的新信息，使得押题更新更准。”这样的表述无形中营造出与命题组“斗智斗勇”，或许能“押中”高考真题的氛围。  那么，这些高价试卷的“押题”战绩如何呢？在某考卷详情中，以2024高考真题为例，列举了各科多道“押中”题目，细看却令人哑然失笑。一道数学几何题，真题为五面体，押题卷为三棱锥，题干、设问均不相同，因均考查了“二面角的大小”，即判定为“押中”。一道物理解答题，只是与真题共同考查了“粒子在圆筒形磁场中做螺旋线运动”的情境，也视作“押中”。更夸张的是，在另一家机构所出的押题卷中，一道化学选择题只因“均涉及物质间的相互转化”，同样划归为押中范畴。如此宽泛的判定，显然与惯常认知相去甚远。  曾购买过此类试卷的李同学告诉记者，押题卷的题量题型，包括答题卡等，与正式考卷颇为相似，主要提供一种“考前感觉”，有精力的话可以练手，但指望“押中原题”并不现实。“本来试题就是围绕着知识点有各种变化，考查同一个知识点就算押中的话，学校模拟考不都押中好多回了？”  大模型帮忙预测？  噱头十足为引流  除了各家机构推出的传统“名师押题”，记者发现，近期爆火的AI大模型，也陆续被不少社交平台上的博主引入“押题”阵容，配合充满噱头的图文视频标题，显得十分吸睛。  “Deepseek超强预测2025高考押题全流程，用算法打败高考的筛选！”有博主感慨，“AI真的太神奇了，仅用38秒钟就给出了完整的出题内容和思路框架，让我们觉得非常的震惊！”视频中，她从教大家输入指令，让AI大模型自动生成高考题目切入，侃侃而谈。  为佐证AI押题的可行程度，博主将自己通过1号软件生成的数学题目，与去年的真题共同输入到2号软件中，让2号软件来对比判定，得到“总体相似度高达87.5%”的结论。  乍听之下，如此高的相似度令人称奇，然而这一结论是如何得出的呢？当记者暂停视频画面，细看2号软件给出的相似度数值分析表，发现AI完全抛开具体题目，只是将真题与生成的预测题的题型，以及大致考查方向分别列出进行对比，例如二者均包含基础题和难度题、数学文化元素、集合复数概率等考点，即判定为“相似度极高”。较之传统押题密卷而言，精准度更是无从谈起。  但这并不影响一众博主仿佛发现新大陆般的激动，相关帖子的收藏、点赞量也非常可观。在“投喂Deepseek近五年的高考数学题，得到2025的预测卷”帖子下，尽管博主晒出的卷子难度较高考差了一大截，评论中仍不乏“求资料”的声音。而从博主回复来看，要么需私信关注，要么需申请加群，还有的则直接挂出链接。记者看到，某博主出售的“历年高考真题+Deepseek预测2025高考题”，已有111份销量。  “用AI辅助学习是可行的，让它生成考题，需要对考点掌握透彻，对指令输入尽量细致。”对此有网友评论，“要是有这个能力，哪儿还需要做AI出的题啊！”  扫描版成了平替？  为获利盗版横行  更有甚者，竟从形形色色的押题密卷中进一步发掘“商机”，推出高考押题卷的“平替”，即扫描电子版，做起复习资料的“二道贩子”。  “目前已经出了大部分，五月份会全部出完。”记者咨询一位卖家，对方发来一份资料截图，称已上传了十余家机构所出押题卷，后面还会陆续更新王后雄、天星、张雪峰等所出的押题卷。“包更新，以后挂上去的也都可以下载。”该卖家已获114份销量。  店主购买一份押题卷，将其扫描为电子文档，再作为商品出售，通过网盘“发货”。甚至无需亲自购买纸质押题卷，而从其他卖家处购买电子文档，再低价转卖，可谓一本万利。消费者只需支付几十元钱，就能获取这些资料，自行打印即可。记者看到，社交平台上这样的资料“吆喝”比比皆是，评论中不乏“资料齐全，更新速度快”“各科都有，省下大几百”等表述，而这属于典型的盗版行为。  在各版“押题卷”外，还有考生和家长不满足于“预测”，而对一些所谓“捷径”心动不已，导致落入诈骗分子的陷阱。去年高考前夕，多地教育部门整理汇总与高考相关的诈骗套路，其中兜售“高考试题及答案”被高频提及。  不法分子通过制作钓鱼网站，用发短信、贴广告、网页弹窗等方式借口出售所谓的“高考真题和答案”，一旦点击后就会以“预付订金”等名义要求受害者付款，或是借传送“样题试卷”的名义向受害者发送非法链接，套取用户信息。考生切不可心存侥幸，在网上购买所谓的考题答案，给犯罪分子可乘之机。  延伸  讨彩头买安心 更要多些理性  护身符、文昌塔、孔庙香囊……临近高考，一些与“掌管学习”传说相关的文创生活类产品受到考生欢迎，价格也随之水涨船高。  有商家不失时机，推出印有“金榜题名”“学业有成”等字样的酥油蜡烛。记者看到，这样一对能燃烧7天左右的蜡烛，价格从40元起步，到上百元。而普通蜡烛印有“吉祥如意”等字样，同样能燃烧7天，一对售价仅二三十元。  此外，种种与考试本身并不沾边儿的商品，也借势大力营销。某饮料品牌在高考倒计时100天之际，推出2025高考限定新品“状元罐”，大红色罐体印制着卡通状元郎的形象。每箱12罐，售价为60元左右，优惠后也要50元，平均每罐4至5元。而普通包装版本，每箱容纳20至24罐，以24罐规格计，价格为75元左右，平均每罐3元。换了一个包装，售价提升就超过三分之一。  哪怕没有现成产品，只要排列组合一番，便可称为“定制礼盒”。一份礼包内含四罐可乐、芬达等饮料，罐体印上祝福语，加上一小朵毛绒向日葵、祝福卡片，即售价49.8元。如再多加一小盒5颗装的巧克力、毛绒小鸭子等，即售价79.8元。而记者细看发现，礼盒中所放入的唯美斯巧克力为代可可脂制品，网购平台上的5颗装每盒售价仅5元。  “专注思维、改善记忆”“备考冲刺季，高分抢先跑”……冲刺阶段，不少主打“补脑”的学生保健品同样热销。这些鱼油、神经酸藻油类产品被包装为“学霸套餐”，打出“成绩噌噌长”的名号，十分吸睛。不过在一些产品的评论区，面对“有用吗”的咨询，有购买者称“没办法量化”，有的则称，“就一保健品，你能指望它有啥作用，吃不坏人就行。”  事实上，截至目前，我国尚未批准具有“补脑”“增强记忆”等保健功能的保健食品。已批准的具有“缓解体力疲劳”“增强免疫力”等功能的保健食品，也不适用于补脑、增强记忆和缓解脑力疲劳等。（记者 魏婧 文 宋溪 插图）
绝密预测满天飞，名师AI齐上阵？&nbsp;别把“押题”当成备考“神器”,2025-05-13 15:09:28,200,  进入五月中旬，距2025年高考已不足一个月。应届学子和家长紧张备考的同时，“高考周边”也在持续火热销售。其中，“考题”显然是关注度最高也最有“文章”可做的部分。一时间，“绝密”预测卷满天飞，名师和AI齐上阵……对待种种“押题”路数，考生还需端正心态，勿被纷繁说法扰乱节奏。20250513b530e06d52dc47d1bc27901ce42e9805_202505133292eed6b0f3468cbf8fd7e241c2966f.jpg  高价试卷能押题？  踩上知识点就算  “不算泄题吧？2025高考预测卷已曝光，速来！考试就像抄答案”“年年押中，拼的是硬实力”……冲刺阶段，能够帮助考生培养手感、保持应试状态的成套试题是必不可少的。相较售价几十元的模拟试卷，一些试卷打出“预测”甚至“押题”的名号，换用厚实的牛皮纸袋包装，价格便飙升至三四百元。  记者发现，与往年相比，今年的试卷还出现了抢先预售、限期优惠、限时销售等模式。一家机构在直播间称，所出押题卷5月起发售，优惠价每套298元，5月10日恢复原价398元，6月1日停止销售。  为什么5月才发货？商家给出的理由显得颇为神秘，“是为了避开每年高考命题的‘反押题’，并加入三四月份的新信息，使得押题更新更准。”这样的表述无形中营造出与命题组“斗智斗勇”，或许能“押中”高考真题的氛围。  那么，这些高价试卷的“押题”战绩如何呢？在某考卷详情中，以2024高考真题为例，列举了各科多道“押中”题目，细看却令人哑然失笑。一道数学几何题，真题为五面体，押题卷为三棱锥，题干、设问均不相同，因均考查了“二面角的大小”，即判定为“押中”。一道物理解答题，只是与真题共同考查了“粒子在圆筒形磁场中做螺旋线运动”的情境，也视作“押中”。更夸张的是，在另一家机构所出的押题卷中，一道化学选择题只因“均涉及物质间的相互转化”，同样划归为押中范畴。如此宽泛的判定，显然与惯常认知相去甚远。  曾购买过此类试卷的李同学告诉记者，押题卷的题量题型，包括答题卡等，与正式考卷颇为相似，主要提供一种“考前感觉”，有精力的话可以练手，但指望“押中原题”并不现实。“本来试题就是围绕着知识点有各种变化，考查同一个知识点就算押中的话，学校模拟考不都押中好多回了？”  大模型帮忙预测？  噱头十足为引流  除了各家机构推出的传统“名师押题”，记者发现，近期爆火的AI大模型，也陆续被不少社交平台上的博主引入“押题”阵容，配合充满噱头的图文视频标题，显得十分吸睛。  “Deepseek超强预测2025高考押题全流程，用算法打败高考的筛选！”有博主感慨，“AI真的太神奇了，仅用38秒钟就给出了完整的出题内容和思路框架，让我们觉得非常的震惊！”视频中，她从教大家输入指令，让AI大模型自动生成高考题目切入，侃侃而谈。  为佐证AI押题的可行程度，博主将自己通过1号软件生成的数学题目，与去年的真题共同输入到2号软件中，让2号软件来对比判定，得到“总体相似度高达87.5%”的结论。  乍听之下，如此高的相似度令人称奇，然而这一结论是如何得出的呢？当记者暂停视频画面，细看2号软件给出的相似度数值分析表，发现AI完全抛开具体题目，只是将真题与生成的预测题的题型，以及大致考查方向分别列出进行对比，例如二者均包含基础题和难度题、数学文化元素、集合复数概率等考点，即判定为“相似度极高”。较之传统押题密卷而言，精准度更是无从谈起。  但这并不影响一众博主仿佛发现新大陆般的激动，相关帖子的收藏、点赞量也非常可观。在“投喂Deepseek近五年的高考数学题，得到2025的预测卷”帖子下，尽管博主晒出的卷子难度较高考差了一大截，评论中仍不乏“求资料”的声音。而从博主回复来看，要么需私信关注，要么需申请加群，还有的则直接挂出链接。记者看到，某博主出售的“历年高考真题+Deepseek预测2025高考题”，已有111份销量。  “用AI辅助学习是可行的，让它生成考题，需要对考点掌握透彻，对指令输入尽量细致。”对此有网友评论，“要是有这个能力，哪儿还需要做AI出的题啊！”  扫描版成了平替？  为获利盗版横行  更有甚者，竟从形形色色的押题密卷中进一步发掘“商机”，推出高考押题卷的“平替”，即扫描电子版，做起复习资料的“二道贩子”。  “目前已经出了大部分，五月份会全部出完。”记者咨询一位卖家，对方发来一份资料截图，称已上传了十余家机构所出押题卷，后面还会陆续更新王后雄、天星、张雪峰等所出的押题卷。“包更新，以后挂上去的也都可以下载。”该卖家已获114份销量。  店主购买一份押题卷，将其扫描为电子文档，再作为商品出售，通过网盘“发货”。甚至无需亲自购买纸质押题卷，而从其他卖家处购买电子文档，再低价转卖，可谓一本万利。消费者只需支付几十元钱，就能获取这些资料，自行打印即可。记者看到，社交平台上这样的资料“吆喝”比比皆是，评论中不乏“资料齐全，更新速度快”“各科都有，省下大几百”等表述，而这属于典型的盗版行为。  在各版“押题卷”外，还有考生和家长不满足于“预测”，而对一些所谓“捷径”心动不已，导致落入诈骗分子的陷阱。去年高考前夕，多地教育部门整理汇总与高考相关的诈骗套路，其中兜售“高考试题及答案”被高频提及。  不法分子通过制作钓鱼网站，用发短信、贴广告、网页弹窗等方式借口出售所谓的“高考真题和答案”，一旦点击后就会以“预付订金”等名义要求受害者付款，或是借传送“样题试卷”的名义向受害者发送非法链接，套取用户信息。考生切不可心存侥幸，在网上购买所谓的考题答案，给犯罪分子可乘之机。  延伸  讨彩头买安心 更要多些理性  护身符、文昌塔、孔庙香囊……临近高考，一些与“掌管学习”传说相关的文创生活类产品受到考生欢迎，价格也随之水涨船高。  有商家不失时机，推出印有“金榜题名”“学业有成”等字样的酥油蜡烛。记者看到，这样一对能燃烧7天左右的蜡烛，价格从40元起步，到上百元。而普通蜡烛印有“吉祥如意”等字样，同样能燃烧7天，一对售价仅二三十元。  此外，种种与考试本身并不沾边儿的商品，也借势大力营销。某饮料品牌在高考倒计时100天之际，推出2025高考限定新品“状元罐”，大红色罐体印制着卡通状元郎的形象。每箱12罐，售价为60元左右，优惠后也要50元，平均每罐4至5元。而普通包装版本，每箱容纳20至24罐，以24罐规格计，价格为75元左右，平均每罐3元。换了一个包装，售价提升就超过三分之一。  哪怕没有现成产品，只要排列组合一番，便可称为“定制礼盒”。一份礼包内含四罐可乐、芬达等饮料，罐体印上祝福语，加上一小朵毛绒向日葵、祝福卡片，即售价49.8元。如再多加一小盒5颗装的巧克力、毛绒小鸭子等，即售价79.8元。而记者细看发现，礼盒中所放入的唯美斯巧克力为代可可脂制品，网购平台上的5颗装每盒售价仅5元。  “专注思维、改善记忆”“备考冲刺季，高分抢先跑”……冲刺阶段，不少主打“补脑”的学生保健品同样热销。这些鱼油、神经酸藻油类产品被包装为“学霸套餐”，打出“成绩噌噌长”的名号，十分吸睛。不过在一些产品的评论区，面对“有用吗”的咨询，有购买者称“没办法量化”，有的则称，“就一保健品，你能指望它有啥作用，吃不坏人就行。”  事实上，截至目前，我国尚未批准具有“补脑”“增强记忆”等保健功能的保健食品。已批准的具有“缓解体力疲劳”“增强免疫力”等功能的保健食品，也不适用于补脑、增强记忆和缓解脑力疲劳等。（记者 魏婧 文 宋溪 插图）
AI来了，课堂花样翻新,2025-05-13 10:39:18,200,  今年春季开学以来，北京市门头沟区清水学校、大峪中学分校附属小学等5所学校的同学们，迎来一堂全新的科学课：糖水绘制的“气味彩虹桥”上，几只蚂蚁蜿蜒前行。孩子们屏息凝神地观察，实时记录这些微小生命的轨迹，并在AI工具的辅助下，探索破解蚂蚁回家的秘密。  如今，全国多地正系统性推进AI教育。3月28日，教育部启动人工智能赋能教育行动，推出4项具体行动，旨在用人工智能推动教与学融合应用，提高全民数字教育素养与技能，开发教育专用人工智能大模型，同时规范人工智能使用科学伦理。  AI来了，有学校把课堂搬进大自然，有学校课堂上出现智能“导师”，人工智能赋能教育的场景不断上演。2025051302f3870802ef46d79eb8f8dda980c63f_202505137a128f5cb259412e991b676126b38066.jpg北京市门头沟区清水学校学生在观察蚂蚁。受访者供图  蚂蚁觅食路线，变成数学公式里的优化函数  在今年春季“迷你”研学实践活动中，北京市门头沟区清水学校、大峪中学分校附属小学等学校的学生来到百花山自然风景区。这群“小探险家”俯身观察岩石缝隙时，发现了数十只体长近两厘米的巨型弓背蚁。  “它们搬着比自己身体还大的食物碎屑，却总能准确找到巢穴入口。”清水学校五年级学生常兴晨的发现，引发了研学小队关于蚂蚁回家方式的热烈探讨。  清水学校生物教师曹学慧没有急于揭晓答案，而是引导孩子们猜一猜蚂蚁怎么回家。  清水学校五年级学生杨玉洁指着蚂蚁头顶的两根触须，认为这是让它们回家的关键：“触须不停摆动，就像车载导航的天线。”  大峪中学分校附属小学四年级学生袁铭泽说：“姥姥家菜园的蚂蚁总是沿着糖渍路线走，是用气味做标记吧。”  “大家的讨论很有启发性，但不能只靠猜想，回家后可以用AI来验证一下。”曹学慧引导学生们向AI发问。  分享课上，同学们兴奋地展示各自的成果。一位同学说：“我尝试用‘蚂蚁如何标记路径’提问，DeepSeek的深度思考功能告诉我，蚂蚁会边走边释放信息素，就像喷洒‘香水’一样指引同伴。”  曹学慧接着追问：“这种信息素具体成分是什么？”同学面露难色，屏幕上跳出的答案没有涉及这些细节。  “纸上得来终觉浅，真理蕴含在实践中。”曹学慧鼓励孩子们利用DeepSeek进一步生成实验方案。  同学们以糖水绘制“气味彩虹桥”、用酒精棉签模拟“气味橡皮擦”，设计了两条通往食物源的长、短路径，围绕蚂蚁分布规律进行验证。  实验箱中出现的蚂蚁集体“偏离航线”现象，促使同学们重新审视AI生成的方案——原来实验箱环境未能精准模拟真实蚁巢的复杂气味体系。  大峪中学分校附属小学四年级学生边琳雅认识到，“AI生成的方案需要现实检验”。在老师的引导下，孩子们进一步优化实验方案。  随着实验推进，同学们看到，短路径上的蚂蚁数量持续增加，信息素浓度同步增长。  “这正是蚁群算法的具象化呈现。”曹学慧解释说，“每只蚂蚁在路径上留下的信息素会指引群体自发优化路径，这种群体智能机制被计算机科学家转化为优化复杂系统的算法”。  这一发现启发学生们对科技应用的深度思考。通过与AI对话，他们惊喜地发现蚁群算法不仅应用于5G基站布局优化，还能解决机器人协作避障、社区物流路径规划等现实问题。  清水学校四年级学生马文兮在实验报告中写道：“原来蚂蚁的觅食路线，可以变成数学公式里的优化函数，这种从自然到技术的跨越太神奇了！”2025051302f3870802ef46d79eb8f8dda980c63f_20250513dc57c1d093044d8ab74c3b14b81c9bc3.jpg山东外国语职业技术大学学生在计算机辅助翻译中心上课。受访者供图  AI像“文物专家”随时指导学生  如今，AI已逐渐融入全国各地大、中、小学课堂。  在山东外国语职业技术大学，头戴虚拟现实设备的学生们“穿梭”于历史长河，一场别开生面的文物修复课正在上演。  在《寻迹国宝》课堂上，5名学生围绕一尊残缺的青铜鼎虚拟模型激烈讨论。耳畔传来老师郭亚森的提示：“根据AI导师的前期技能测评，建议卢楠负责3D建模，任晓莹进行所擅长的纹样设计。”  话音未落，学生们的VR界面同时弹出分工任务卡，团队立即进入协作状态。  “青铜鼎足部纹样缺失怎么办？”面对学生马可欣的疑问，AI导师调用云端数据库，将博物馆的高清纹饰图库投射到学生眼前的虚拟画板上。  学生陈子豪用触控笔点击纹样，AI实时解析弹出“饕餮纹象征权威”的文化内涵。“这节省了大量翻阅资料的环节，就像有个‘文物专家’在身后随时指导。”郭亚森说。  在《视听语言》课堂上，学生们围坐在教室大屏幕前，观看他们用AI创作的短视频。  “以前拍短视频要写剧本、画分镜、找素材，现在可以交给AI。”学生刘今熟练地操作AIGC平台，展示创作流程：小组输入关键词后，AI在5分钟内生成包含多个场景的剧本大纲，自动转化为分镜头脚本，并可生成多种不同风格的画面供选择，从水墨动画到赛博朋克风，只需轻触屏幕。  “AIGC的使用过程大大提高了课堂效率和趣味性。当然，如果要生成专业级别作品还需要反复打磨。”山东外国语职业技术大学信息工程学院院长、数字信息中心主任李娅表示，当下，AI导师只是一个载体，需要不断进行利用AI技术赋能教育的探索。  培养“真问题解决者”  “运用人工智能助力师生学习的同时，解决由技术引发的相关问题值得关注。”北京市门头沟区教育研修学院院长林秀艳认为，教育进入人工智能时代，教授和培养学生拥有自主学习和判断能力更为重要。  李娅注意到，一些学生患上了“AI依赖症”。  一名学生用AI生成课程设计代码，但在答辩时讲不清其代码逻辑优化的原理，“这显示一些学生对AI产生依赖，影响了深度思考能力。”李娅表示。  为此，山东外国语职业技术大学与企业共同开发基于课程知识库的智能辅助系统，帮助学生掌握编程技能：首先进行信息筛选，实现基于课程知识库的精准推送；接着把复杂的代码结构拆解成易懂的控制流程图，引导学生理清程序运行思路；最后让学生在开发环境中反复调试代码，教学生排查漏洞。  “这套系统就像给每个学生配了位‘AI导师’，致力于培养独立分析问题的能力。”李娅说，技术导师将真实项目搬进课堂，带领学生利用低代码技术搭建校园场地预约、访客管理系统等实用平台。  “通过真刀真枪的历练，学生既能驾驭AI工具提升效率，又能增强深度思考与问题解决的核心竞争力。”李娅说。  北京市门头沟区委教育工委副书记、区教委主任曹彦彦表示，AI教学改革的核心价值在于培养智能时代的“真问题解决者”，“当孩子们用传感器采集数据、用算法模拟生物行为、在实验失败时调整参数，他们获得的不仅是知识，更是系统性思维和创新方法论”。（中青报·中青网见习记者 刘胤衡 记者 黄冲）
当年轻干部遇上“AI伯乐”——杭州余杭区人才选育管用的数字化探索,2025-05-13 10:23:52,200,  “您好，我是AI考官Doris，欢迎参加学员招收AI面谈环节。”近日，在杭州市余杭区“青蓝学院”的智能面谈室里，“95后”副科级干部文继鑫正在回答智能机器人考官的提问。AI测评系统通过分析应答者的语言逻辑、决策路径等信息，快速生成了个人能力图谱。  据了解，余杭区已将AI技术应用于年轻干部测评考核、培训培养、选拔使用等全流程体系。该系统将干部性格特征“三维”画像划分为D（目标驱动）、I（感染力强）、S（亲和共情）、C（严谨专业）四类，可精准匹配对应的招商攻坚、群众服务等岗位需求。目前，该区已为225名年轻干部“画像”，并招收100名干部进入“青蓝学院”，选派10名干部到重大产业平台参与招商工作，分赛道进行精准培养。  “传统结构化面试像是应试，AI测评则更接近真实互动。”余杭区委组织部工作人员介绍，为体现选拔公平性，系统还会对敲击键盘、屏幕切换等面试中的异常行为进行监测。  AI技术不仅被用于测评选拔环节，还在年轻干部培训培养中发挥着独特作用。在青橙国际创新创业中心，31名余杭区选调生进行着一场特殊的团队对抗赛，各组要在一小时内协作完成穿插各类突发情况的航海任务。“我们将年轻干部所需的七种能力转化为量化模型，综合个人测试情况和团队赛中的具体表现，每位选调生的‘胜任力图谱’就很清晰了。”余杭区委组织部工作人员说。  据介绍，为构建“能力测评-靶向施训-反馈验证-科学使用”AI赋能年轻干部成长的闭环，余杭区还开发了多种“AI陪练”实训场景，帮助选调生在基层锻炼期间提升解决实际问题的能力。  从青蓝学院的“AI伯乐”到选调生的“智能教练”，余杭区用技术重构人才成长生态的同时，也在逐步探索覆盖选育管用的全链条数字组织工作生态。  “叮！您领办的项目‘噪声污染专项治理暨宁静小区创建项目’已通过审核，评级结果为‘A’。”杭州市生态环境局余杭分局年轻干部杨博琛的“浙政钉”App弹出一则消息。这样的智能闭环管理，源于余杭打造的年轻干部“一诺一责一争先”数字孪生档案。  据了解，该系统通过打通政务数据流，对各层次960余名年轻干部的日常工作进行测评，并由所在单位每双月进行评级。通过该系统内的“年轻干部驾驶舱”，可以对干部“赛马”积分，同时亮“红黄”牌等。这些数据不仅是年轻干部的成长记录，也成为干部使用的重要参考。（记者 刘梓漪）
AI赋能“两轮制造”，中国自行车产业驶入数字化“新赛道”,2025-05-12 17:15:53,200,  新华网北京5月12日电（记者丁峰）2025中国自行车国际展览会5月初在上海举办。作为亚洲最大、世界前三的国际自行车展，记者在采访中发现，人工智能和数字技术对中国自行车全行业带来巨大影响。从上下游供应链到智能化生产，到AI创新应用，整车企业、零部件企业和软件服务企业都在积极向数智化转型靠拢。20250512a2b0d298419644938bd6a7142c5ce447_2025051251e92762eff34ea2806c5bb5fd817910.jpeg 5月5日，在上海新国际博览中心举行的2025中国国际自行车展览会上，一名男子在体验自行车竞速游戏。新华社记者 才扬 摄  智能生产与数据驱动，自行车制造的新趋势  在自行车行业，数字化转型已成为企业提升竞争力的关键。广东千里达，作为国内知名的自行车制造商，一直致力于通过技术创新提升产品质量和生产效率。在本次展会上，千里达总经理张小平向记者介绍了公司在数字化转型方面的实践和成果。  “我们开发了CRM（客户关系管理）系统，实现了从客户到代理商的全流程信息化管控。通过与客户的紧密沟通，企业能够收集客户对未来3-6个月的市场预估数据，这些数据成为企业进行供应链市场预估的重要依据，帮助企业更精准地安排生产计划，避免库存积压或缺货现象的发生。”张小平介绍。  在生产环节，千里达引入了机器人焊接技术，这一创新举措极大地提高了车架生产的质量和效率。“与传统的人工焊接相比，机器人焊接具有高度的一致性和稳定性。”张小平介绍，机器人能够严格按照预设的焊接参数进行操作，避免了人工焊接中因焊工技术水平差异和人为因素导致的焊接质量问题，从而显著提高了产品质量，降低了产品不良率。同时，机器人的高效作业也大大提升了生产效率，使得企业能够满足特定价格区间产品在市场旺季的需求。  在产品设计与研发领域，千里达紧跟科技发展潮流，充分借助AI技术提升产品的设计水平和性能。公司运用AI设计软件，对用户的骑行场景进行深入分析，同时结合用户的身高、体重等个性化因素，对车架进行针对性的优化设计。通过这种方式，成功实现了车架的轻量化设计，在减轻车架重量的同时，还提升了车架的刚性和强度，为用户带来更好的骑行体验。  此外，千里达还积极布局电助力自行车市场，并充分利用人工智能技术进行研发设计数据收集。张小平表示：“展望未来市场，电助力自行车被认为是一个极具潜力的发展方向。我们正在开发中置电机和后置电机的电助力自行车产品，以满足不同用户群体的多样化需求。”在产品研发过程中，千里达通过智能软件收集丰富的骑行数据，包括骑行时速、骑行距离、人车匹配度以及能量消耗等。这些数据为产品设计提供了宝贵的依据，帮助企业在续航里程设置、爬坡助力以及城市骑行助力比等方面进行精准优化，从而开发出更符合消费者实际需求的产品。千里达还运用AI技术对收集到的数据进行分析，进一步优化电助力自行车的性能和用户体验。  智能化赋能，品牌与产品的升级新路径  在自行车产业，智能化赋能已成为品牌与产品升级的重要方向。银贝斯作为国内知名的碳纤维车架企业，不仅在产品研发和生产环节积极引入智能化技术，还通过赞助环法自行车赛等国际顶级赛事，进一步提升了品牌的国际影响力。  银贝斯CEO蔡正昌表示，数字经济在自行车行业的应用逐渐成为企业发展的新动力。“人工智能对自行车品牌的塑造和发展具有深远影响。”以直播间销售场景为例，传统的销售模式难以精准捕捉用户的个性化需求，但借助人工智能技术，企业可实现对用户需求的精准匹配，为用户提供更符合其个性化需求的产品推荐和服务，从而提升用户的购买体验和品牌忠诚度。  在产品研发过程中，银贝斯积极引入人工智能技术。蔡正昌强调，人工智能赋能科技的关键在于数据。通过收集和分析庞大的用户数据，企业能够深入了解用户的使用习惯、偏好和潜在需求，然后以此为依据反向驱动产品研发。同时，银贝斯更加注重将技术创新与消费者的实际需求紧密结合，致力于实现产品的千人千面定制化生产，以满足不同用户的个性化需求。  在生产环节，银贝斯引入了MAX系统，实现了生产过程的智能化管理。蔡正昌介绍，以轮组生产为例，MAX系统在轮组出厂前会进行全面的数据采集，涵盖偏摆、跳动和张力等关键信息。通过对这些数据的实时监测和分析，系统能够及时发现产品在生产过程中出现的问题，实现对产品质量的有效追踪和精准控制。此外，银贝斯还通过中台系统整合企业内部各个业务模块的信息，为企业的经营决策提供全面、准确的数据支持，进一步提升了企业的运营管理效率。  面对激烈的市场竞争，银贝斯依靠强大的产品技术实力和品牌影响力立足。蔡正昌表示，银贝斯在今年第一季度取得了30%-40%的高速增长成绩，这得益于其对产品技术研发的持续投入和品牌建设的有效策略。同时，银贝斯也积极应对市场挑战，通过提升产品品质和品牌形象，增强在美国市场等国际市场的竞争力。  数字设备创新突破，引领科学骑行新风尚  在骑行数字设备领域，行者作为国内骑行大数据公司的领军企业，通过不断的产品创新与功能升级，为骑行爱好者带来了更加科学、便捷的训练体验。  受益近两年骑行人群的大幅跃升，国内品牌也同步崛起，骑行数字设备迎来了国产替代的浪潮。行者CEO蒋旻宸在采访中表示，“过去，高端骑行设备如骑行台和心率带价格昂贵，主要面向专业运动员和俱乐部。然而，国产品牌通过技术创新和成本控制，成功地将这些高端产品的价格打下来，使得更多骑行爱好者能够享受到科学训练带来的便利。”  蒋旻宸介绍，国产品牌如THINKRIDER等推出了千元级智能骑行台，功能上与万元级的高端产品相近，但价格更为亲民。这些国产骑行台不仅具备智能阻力调节、虚拟赛道训练等功能，还通过优化设计和生产工艺，降低了生产成本，从而实现了价格的下降。  心率带等骑行训练设备也受到了国产替代的影响。国产心率带在价格上具有明显优势，同时提供了与进口产品相媲美的性能。这些国产心率带采用了先进的心率监测技术，确保数据的准确性和可靠性，为骑行爱好者提供了更加便捷、经济的心率监测解决方案。  随着专业设备价格的下降，更多骑行爱好者能够接触到这些科学训练工具，从而提高了训练的科学性和严谨性。行者等品牌通过产品创新，如支持功率计和多种骑行数据的小G系列码表，使得入门新手也能以较低的成本实现科学训练。  第三代小G系列码表不仅具备基本的骑行数据记录功能，还支持功率计等高端功能。通过连接功率计，骑行爱好者可以实时监测自己的输出功率，从而更加精准地控制训练强度，提高训练效果。此外，小G系列码表与行者APP结合，还支持多种骑行数据的显示和分析，如速度、距离、心率、训练强度等，可以为骑行爱好者提供全面的训练反馈和训练建议。  除了码表外，行者还推出了心率带等骑行训练设备，进一步丰富了科学训练的工具库。蒋旻宸表示，“骑行爱好者可以通过行者APP查看自己的训练数据，制定更加科学的训练计划，从而提高训练效果和比赛成绩。”  中国自行车协会副理事长兼秘书长郭文玉告诉记者，“2024年自行车全行业总产量达9953.7万辆，同比增长0.4%；今年一季度，自行车出口1266.3万辆，同比增长15.5%；出口金额7.41亿美元，同比增长6.5%。同时，零部件出口总额达到8.47亿美元，同比增幅达13.7%。值得关注的是，一季度自行车整车出口实现量价齐升，而零部件出口增速自2月份由负转正后，3月份进一步扩大至两位数增长，显示出全球自行车市场需求正在加速回暖。”
应用场景加速上新&nbsp;“AI+文旅”擦出新火花,2025-05-12 10:43:58,200,  出行前，用DeepSeek做旅游攻略，实现AI个性化行程定制服务；在景区，轻轻扫码即可拥有全天候、一对一的贴身导游；在博物馆，能见识到AI构筑的海底世界，与鲸“共舞”……  随着应用场景加速落地，AI与文旅不断擦出新火花。  记者了解到，随着人工智能技术的发展，多个景区以及文旅企业正在加速转型，布局和深耕智慧文旅新赛道。专家认为，未来三到五年将是AI重塑文旅产业格局的关键窗口期。  AI定制旅行蔚然成风  当前，AI正成为不少年轻人的出游“伴侣”。输入旅行时间、预算、兴趣爱好以及一些特殊要求，短短几分钟，一份由AI生成的详细旅行计划便摆在面前……今年“五一”假期，上海市民刘女士尝试通过AI个性化行程定制服务，完成了期盼已久的云南之旅。  “以前每次旅游前，都要去各个平台查阅大量攻略，筛选心仪景点，还要不停查询各种机票和酒店信息，太费神！”刘女士告诉记者，这次旅行，AI帮她解决了做攻略的大难题，还订到了性价比高的机票和酒店，不仅效率大大提高，而且让她真正享受到了旅行的乐趣。  如今，越来越多的游客开始选择使用AI进行个性化行程定制。在小红书等社交平台上，与“用DeepSeek做旅游攻略”“AI定制旅行”等话题相关的笔记已达到数十万篇。  不少旅游平台企业也敏锐地捕捉到这一市场趋势，并纷纷布局。  今年4月，途牛旅游网自主研发的“AI助手小牛”旅游应用Agent正式上线，“AI助手小牛”结合旅行垂直应用场景与开源大模型，为用户提供机票、酒店、火车票等产品的智能搜索、自动比价、个性推荐、打包预订等一站式服务。以机票预订需求为例，从用户提出需求，到“AI助手小牛”完成搜索、比较、智能推荐，整个过程只需10秒。  同月，飞猪推出AI产品“问一问”。产品包含行程助手、路线定制师、智慧交通顾问、酒店顾问、攻略达人、本地人导游、预算管理师、服务保障专员等多个专业助手。“问一问”支持多模态输入，用户既可用文字交互，也可用语音甚至以方言沟通；为用户生成的也不只是一段枯燥的文字，而是集合了图片、商品卡片和景点链接的旅行方案。  飞猪“问一问”产品负责人刘洪敏透露，接下来“问一问”还会持续迭代升级，目前已有多项新功能在开发中。“我们的AI应用探索才刚刚起步，这一领域有无限的可能性。”  在业内看来，旅行消费需求往往高度个性化，机票、酒店、门票、用车、本地游玩等各种服务相互组合，叠加抵离时刻、接驳、餐饮等条件，用户面临高昂的决策成本。在标准化的大众旅行产品之外，个性化的旅行定制服务不仅数量稀少，而且价格昂贵。如今，在AI的加持下，大规模、批量化的定制游有望真正成为触手可及的服务。  行业智能化转型提速  从个性化行程定制到虚拟景区向导，从AR实景导航到沉浸式体验……随着应用场景的日益丰富，AI正在给文旅行业创新注入更多活力。  在西安市大唐不夜城，AI虚拟人“唐小宝”能与游客社交互动，为其提供旅行服务；在甘肃省敦煌市莫高窟的“寻境敦煌”数字展厅，游客可以佩戴VR眼镜，沉浸式走入莫高窟特窟第285窟，零距离观赏壁画、360度探索洞窟细节；在陕西省图书馆高新分馆，人们可以与艺术大师共同作画，在屏幕前自主绘画的图案，几秒之后便能生成莫奈同款笔触色彩绘制的佳作。  中国信息通信研究院发布的报告显示，在AI+垂直行业应用成熟度矩阵分析中，文旅产业AI贡献度位居服务业前列，AI应用的时空维度不断拓展，从文化基因解码到智能内容生产，都产出了颠覆传统文旅生态场景的“爆款”产品，打破游客的常规体验，刺激产生新的经济消费增长点。  记者了解到，近期，安徽黄山、江西庐山等多个景区纷纷宣布接入DeepSeek大模型，在智能交互、场景服务、伴游体验等方面实现全面升级。与此同时，中旅国际、中青旅、岭南控股等多个旅游企业也将AI广泛应用于智能客服、虚拟导游等领域，推动文旅产业向智能化、个性化方向转型升级。  不久前，联想集团与新华联文旅、寒舍文旅集团正式签署合作协议，共同发布国内首个文旅行业智能体。据相关负责人介绍，该文旅行业智能体可与交通、安防等多个领域智能体协同响应，同时，依托联想全栈混合AI解决方案及服务，实现政府监管、企业运营与游客体验的全链条赋能，成为一站式智慧文旅第一入口。  “当前文旅产业与人工智能的融合已突破技术叠加的初级阶段，正在催生新型服务生态系统的重构。在需求端，AI驱动的个性化服务正在重塑游客决策模式；供给端的变革则更为深层，AI正在重构文旅产业的价值链结构。”中国信息协会常务理事、国研新经济研究院创始院长朱克力对《经济参考报》记者表示。  深度融合仍存瓶颈  文化和旅游部办公厅等五部门联合印发的《智慧旅游创新发展行动计划》指出，到2027年，智慧旅游经济规模进一步扩大，智慧旅游基础设施更加完善，智慧旅游管理水平显著提升，智慧旅游营销成效更加明显，智慧旅游优质产品供给更加丰富，智慧旅游服务和体验更加便利舒适。  “‘AI+文旅’前景广阔，既能为游客提供个性化、便捷化、智能化的服务，提升旅游体验，也能助力文旅企业优化管理、精准营销，提高运营效率，推动产业创新发展。”中国数实融合50人论坛智库专家洪勇在接受《经济参考报》记者采访时说。  朱克力认为，未来三到五年将是AI重塑文旅产业格局的关键窗口期。那些能率先完成组织能力基因改造、将AI技术沉淀为新型服务能力的企业，有望获得定义行业新标准的先发优势。  不过受访专家也表示，目前AI与文旅深度融合仍存在一些关键瓶颈。  “首先是数据孤岛问题，景区、交通、酒店等环节的数据标准不统一，难以形成完整的游客行为图谱；其次是技术适配成本过高，中小文旅企业缺乏定制化开发能力，通用型解决方案往往水土不服；另外，既懂旅游运营规律又掌握AI技术特性的复合型人才团队严重稀缺。这些问题叠加导致很多AI应用停留在演示阶段，无法形成可持续的商业闭环。”朱克力说。  对于文旅企业的布局，朱克力建议把握三个核心原则：一是技术渗透需与场景痛点深度咬合，避免为智能化而智能化；二是数据应用要建立动态治理机制，在游客隐私保护与商业价值挖掘间找到平衡点；三是生态构建要突破企业边界，通过与科技公司、研究机构共建创新联合体，分摊技术研发风险。  “文旅企业要结合自身实际情况，合理选择AI应用场景，避免盲目跟风。此外，还要关注用户体验，将AI技术与人性化服务相结合，打造独具特色的智慧文旅品牌。”洪勇说。  专家普遍认为，对于“AI+文旅”这场变革的终极检验标准，不在于技术应用的炫酷程度，而在于是否真正创造了不可替代的游客价值，是否激活了文化传承的创新表达。当AI赋能下的旅游体验能让游客在数字交互中触摸到文化的真实脉搏，这样的融合才算是真正抵达了产业升级的本质。（记者 班娟娟）
中国零售业博览会观察：AI让零售业更“智慧”,2025-05-10 12:03:03,200,  新华社深圳5月10日电 题：AI让零售业更“智慧”——第二十五届中国零售业博览会观察  新华社记者赵瑞希  记者从货架上拿起一个产品，货架上的屏幕立马开始介绍这个产品的功能、特点。记者还可以通过货架上的话筒说出自己的需求，让货架帮忙寻找和推荐产品。“这个AI交互式货架相当于智能导购员，这个产品已经在一些美妆店使用了。”契胜展台工作人员徐琼琼说。  5月8日至10日，以“价值重塑”为主题的第二十五届中国零售业博览会在深圳举行。从智能货架、冷链设备、无人车与无人机等硬件产品，到叠加了AI技术的实时采集数据、智能分析、自动下达指令的软件系统，本届博览会集中展示零售行业全产业链上的前沿技术、创新设施设备、特色商品及智慧零售解决方案。202505105d4dddaf89464e66abff652d47606728_20250510b85270e8780742d6a88aa57c57dd7bc2.jpg  5月9日，第二十五届中国零售业博览会现场。新华社记者赵瑞希 摄  在AI技术加速渗透零售业的今天，零售门店正从传统“人货场”向“智能生态场”演进。从去年的点状分布，到今年的全面开花，越来越多的AI+解决方案在零售业博览会现场亮相。聚焦零售技术革新，本届博览会集中呈现了从智能硬件到全渠道整合，从供应链整合到体验消费、无人门店的行业前沿动态。202505105d4dddaf89464e66abff652d47606728_20250510af0b4b2ebf8b451ead64615b27435907.jpg  5月9日，第二十五届中国零售业博览会现场的AI技术相关展台。新华社记者赵瑞希 摄  记者在现场看到，AI已被众多零售业厂商引入到设施设备、综合解决方案之中。  自动识别后厨员工洗手行为、实时识别产品缺货情况、智能提供翻台率分析……万店掌展台展示的AI巡检产品，可以大幅提升零售门店的管理效率。万店掌展台工作人员贾杰说：“我们以前也发布过其他的AI产品，使用的是算力，虽然通过训练可以使得功能更加精准，但成本比较高，现在AI巡检产品使用的是大模型，成本大幅下降。”  通过全场景数字化搭建的无人门店展台，借助计算机视觉、重力感应货架及RFID标签，实现商品拿取行为的精准识别，消费者通过人脸识别或手机扫码即可完成“即拿即走”的无感支付。  逛一圈下来，记者了解到多种AI与零售深度融合的创新模式：借助生成式AI技术打造的零售AI中台，支持自动化生成营销策略与客户画像；集合多重算力构建的智慧零售解决方案，覆盖零售全场景，为零售企业带来全链路的数据信息交互和整合；AR/VR技术在零售场景中应用加速，虚拟货架互动、AR辅助陈列与虚拟试穿，增强消费者参与感，降低用户决策成本；AI技术重塑供应链全链条可追溯系统，呈现“从源头到货架”的完整链条，清晰、透明、可溯源。  从消费者行为的深度洞察到供应链的智能优化，从个性化营销的精准实施到客户服务的全面升级，AI的应用正在重新定义零售业的各个环节。  中国连锁经营协会会长彭建真表示，从技术侧来看，零售企业依托智能硬件与AI技术，在供应链革新、品类差异化打造中，构建独特的竞争力；从渠道端来看，线上线下全渠道融合已成趋势，线下门店通过特色场景搭建升级为“体验高地”。  中国连锁经营协会名誉会长裴亮在本届博览会同期举行的“全零售AI火花大会”上表示，AI对零售业的赋能和影响尚处于初始阶段，还需要通过不断实践和摸索把握它的发展规律，更好发挥它的作用。
AI让零售业更“智慧”——第二十五届中国零售业博览会观察,2025-05-10 11:48:28,200,  新华社深圳5月10日电 题：AI让零售业更“智慧”——第二十五届中国零售业博览会观察  新华社记者赵瑞希  记者从货架上拿起一个产品，货架上的屏幕立马开始介绍这个产品的功能、特点。记者还可以通过货架上的话筒说出自己的需求，让货架帮忙寻找和推荐产品。“这个AI交互式货架相当于智能导购员，这个产品已经在一些美妆店使用了。”契胜展台工作人员徐琼琼说。  5月8日至10日，以“价值重塑”为主题的第二十五届中国零售业博览会在深圳举行。从智能货架、冷链设备、无人车与无人机等硬件产品，到叠加了AI技术的实时采集数据、智能分析、自动下达指令的软件系统，本届博览会集中展示零售行业全产业链上的前沿技术、创新设施设备、特色商品及智慧零售解决方案。20250510058b8f58df704149b8fb0c1938ec4612_20250510b85270e8780742d6a88aa57c57dd7bc2.jpg  5月9日，第二十五届中国零售业博览会现场。新华社记者赵瑞希 摄  在AI技术加速渗透零售业的今天，零售门店正从传统“人货场”向“智能生态场”演进。从去年的点状分布，到今年的全面开花，越来越多的AI+解决方案在零售业博览会现场亮相。聚焦零售技术革新，本届博览会集中呈现了从智能硬件到全渠道整合，从供应链整合到体验消费、无人门店的行业前沿动态。20250510058b8f58df704149b8fb0c1938ec4612_20250510af0b4b2ebf8b451ead64615b27435907.jpg  5月9日，第二十五届中国零售业博览会现场的AI技术相关展台。新华社记者赵瑞希 摄  记者在现场看到，AI已被众多零售业厂商引入到设施设备、综合解决方案之中。  自动识别后厨员工洗手行为、实时识别产品缺货情况、智能提供翻台率分析……万店掌展台展示的AI巡检产品，可以大幅提升零售门店的管理效率。万店掌展台工作人员贾杰说：“我们以前也发布过其他的AI产品，使用的是算力，虽然通过训练可以使得功能更加精准，但成本比较高，现在AI巡检产品使用的是大模型，成本大幅下降。”  通过全场景数字化搭建的无人门店展台，借助计算机视觉、重力感应货架及RFID标签，实现商品拿取行为的精准识别，消费者通过人脸识别或手机扫码即可完成“即拿即走”的无感支付。  逛一圈下来，记者了解到多种AI与零售深度融合的创新模式：借助生成式AI技术打造的零售AI中台，支持自动化生成营销策略与客户画像；集合多重算力构建的智慧零售解决方案，覆盖零售全场景，为零售企业带来全链路的数据信息交互和整合；AR/VR技术在零售场景中应用加速，虚拟货架互动、AR辅助陈列与虚拟试穿，增强消费者参与感，降低用户决策成本；AI技术重塑供应链全链条可追溯系统，呈现“从源头到货架”的完整链条，清晰、透明、可溯源。  从消费者行为的深度洞察到供应链的智能优化，从个性化营销的精准实施到客户服务的全面升级，AI的应用正在重新定义零售业的各个环节。  中国连锁经营协会会长彭建真表示，从技术侧来看，零售企业依托智能硬件与AI技术，在供应链革新、品类差异化打造中，构建独特的竞争力；从渠道端来看，线上线下全渠道融合已成趋势，线下门店通过特色场景搭建升级为“体验高地”。  中国连锁经营协会名誉会长裴亮在本届博览会同期举行的“全零售AI火花大会”上表示，AI对零售业的赋能和影响尚处于初始阶段，还需要通过不断实践和摸索把握它的发展规律，更好发挥它的作用。
AI海报：17个新职业42个新工种亮相！,2025-05-09 20:14:19,200,  人力资源社会保障部5月8日发布公示，拟新增跨境电商运营管理师、无人机群飞行规划员、咖啡加工工等17个职业；拟增加旅拍定制师、睡眠健康管理师、服务犬驯养师、生成式人工智能系统测试员等42个新工种。  一起了解下。202505091074c0cf0ea14983afef01d48fd91f64_af18334033fb4127a230afb4af9ea2b9.jpg202505091074c0cf0ea14983afef01d48fd91f64_28609c9157de4cd68950d2fa307281ba.jpg202505091074c0cf0ea14983afef01d48fd91f64_654b6868cada48c280c4c1ccae37d33e.jpg202505091074c0cf0ea14983afef01d48fd91f64_0d4fafcbe71b4d458a045b5453038474.jpg202505091074c0cf0ea14983afef01d48fd91f64_53a7b9a82ac841d58207c7d240f4755e.jpg202505091074c0cf0ea14983afef01d48fd91f64_f8c4fc189654405cbc8b1fbb61cdb12f.jpg202505091074c0cf0ea14983afef01d48fd91f64_0527d26a0fc1409e9b1cbfc7aecd7f46.jpg策划：曹建礼制作：缪异星统筹：孙尉轩 邓瑞璇
魔镜、AI……体育课都这么科幻了吗——学校体育改革调研之二,2025-05-08 11:25:55,200,  新华社合肥5月8日电 题：魔镜、AI……体育课都这么科幻了吗——学校体育改革调研之二  新华社记者周畅、李丽、许仕豪  提到体育课，你会想到什么？跑步？跳远？  但在安徽合肥许多中小学里，魔镜跳绳PK、AI动作指导……这看似科幻的场景已是体育课的日常。7kPNX9xGpJaGQMYQ.jpg  近年来，青少年身心健康问题凸显，体育育人功能日益受到重视，中考体育分值不断提升。今春以来，各地全面落实“每天一节体育课”“体育活动两小时”“15分钟大课间”等要求。但是，如何避免体育“应试化”？两小时用哪些活动来填满？学生“喜欢体育，不喜欢体育课”怎么破？  “科幻”体育课，正是基层学校针对这些痛点的探索。  魔镜PK玩起来 运动“更有趣”  走进合肥市第四十八中学滨湖校区的室内体育馆，还以为误入了电游馆的跳舞机PK现场。  12面魔镜被固定在墙上，每面魔镜前学生4人一组，队首学生根据屏幕上的指令，同时开始了跳绳大PK。  1分钟比赛结束后，根据智能计数，现场决出“冠军”，让学生们大呼“过瘾”“好玩”！qHwhYpSc0KYjvmlt.jpg  “这样上体育真有意思！”学生张福幸觉得，魔镜PK跳绳像打游戏通关，练习动作像玩跳舞机……“下课都不想走。”  “魔镜就像一个个助教，既能让学生在‘人镜互动’中感受乐趣，也能精准指导更多学生。”体育教师邓淑秀说，这同时缓解了师资不足的难题。  从去年春季学期开始，合肥市包河区中小学在安徽省率先全面试点“每天一节体育课”。目前，“每天一节体育课”已在安徽全省落地。  “怎么在有限的场地、师资条件下，让‘每天一节体育课’开得起来是关键。”合肥市包河区教育体育局副局长张艳说，魔镜等体育智能化设备有效解决了痛点。GspEMghggegrxZzh.jpg  四十八中滨湖校区还要求每周有两节特色体育课，如魔镜、足球、乒羽课等。校长张伟说，目的是让学生体会运动乐趣，引导他们养成运动习惯。  AI老师来加持 锻炼“更科学”  合肥市第四十六中学的操场上，刚入职两年的体育教师陈新远一边喊着口令，一边看着手中的平板电脑，实时监测着学生的心率状况。  “上课时每个学生佩戴智能手环，我们可以在平板上看到每个同学动作是否标准，还可以根据心率情况及时调整活动安排。”陈新远介绍，传统体育教学靠经验，但新技术的应用可以让体育课更科学、更安全。tlHUhJYVEdZooTxl.jpg  无独有偶。四十八中东校区的“智慧操场”上，8名学生穿着号码衣整齐排列在起跑线上，系统摄像头识别出每位学生的号码信息后语音提示“请就位”。  体育教师李晓慧在教师平板电脑上点击“起跑”按钮后，系统开始计时，并全程通过AI摄像头自动跟踪记录学生跑步轨迹。  “测试结束后，系统会自动生成报告，包括分段用时、达标率、个人排名等详细数据。”她说，通过数据反馈直观了解身体状态和锻炼效果，让科学锻炼不再是一句空话。X1io5zXDh3bMioHf.jpg  “每天一节体育课不仅要上，还要上好。”四十六中校长刘亮荣说，智慧体育课让运动更加有的放矢，让学生更高效地掌握运动技巧。“更重要的是，有效避免了运动伤害。”  背着球拍去上学 学习“更快乐”  每天“体育活动两小时”用什么填满？张伟担心，“考什么，练什么”的枯燥锻炼模式，很容易让孩子们丧失对体育的兴趣。  为此，合肥市四十八中滨湖校区充分利用挑高区域、楼栋间隔处等空间，增设简易羽毛球架、乒乓球台等，除了供特色体育课使用，也在课间15分钟和课后成为学生们的“必争之地”。4fv8FcfqHt7XmlGz.jpg  “我一直喜欢羽毛球，但以前只能放假时跟爸爸打，现在在学校也能跟同学一起打，特别开心！”七年级的王涵璇正跟小伙伴打得不亦乐乎。羽毛球让她对上学多了一份期待。  每天早上，张伟都在校门口和背着各式球拍来上学的孩子们打招呼。他不无骄傲：“学生们都很喜欢我，因为学校让他们每天都有好玩的体育课上。”  让学生跑起来，让校园动起来，比赛是最好的“助推器”。  涵盖24个项目比赛的合肥市“阳光体育运动”，合肥市校园足球联赛，安徽省体育传统项目学校“黄山杯”乒乓球比赛……TiDCQV5cY0LTwBSc.jpg  合肥市教育局学生事务管理中心负责人孙伟说，目前全市中小学已经形成班班赛、校校赛、区级赛、市级赛的“四级联赛”体系，“我们要培养自己的校园体育文化、体育明星”。  在四十六中，刘亮荣一直倡导以比赛激发运动热情。“比如，同一年级两个班同时上体育课时，我们鼓励以比赛形式进行。”  该校初三体育特长生姜恩泽前不久参加西安交通大学少年班考试，取得安徽第一、全国第三的好成绩。刘亮荣认为，这证明合理运动可促进文化课学习，也坚定了他继续发力学校体育的决心。  合肥市教育局副局长陈雪梅说，学校体育改革的最终目的不是为了体育中考，而是为了让青少年“在运动中强意志、健身心”。  “中考只是手段，不可本末倒置。在义务教育阶段引导孩子掌握一两项体育技能，养成终身运动习惯更重要。”
高铁环游、AI赋能、文旅爆棚——“五一”假期长三角游出新韵味,2025-05-08 09:28:27,200,  新华社南京5月6日电（记者杨绍功）这个“五一”小长假，环长三角的高铁车票因短途游的火爆迅速售罄，AI辅助制订的旅游攻略、提供的行程导引让出游更加省心，推陈出新的文艺演出受到游客追捧……记者采访发现，人文、经济、科技、旅游加速融合，让长三角环游成为更多游客的选择，其中既有蓬勃的发展新场景，更有活跃的文化新韵味。  高铁环游说走就走  适宜的温度、连续的假期、活跃的中短途游，让多趟长三角环形高铁车票在节前便告售罄，也让5月1日的长三角铁路旅客发送量达到历史性的426.8万人次。  “1小时高铁到丹阳，5分钟步行到眼镜城，旅游的同时还把眼镜配了。”大学生王颖假期从上海到江苏丹阳旅游，配眼镜省下的钱基本可以抵掉往来高铁花费，让他感觉这趟旅行“赚到了”。  毗邻眼镜城的丹阳站带火了“配镜游”。“五一”假期，这座历史悠久的小城，主要景点接待游客28.98万人次，同比翻了一番。其中，高铁的贡献率超六成。  从安徽马鞍山来到江苏南京的游客夏冬香，40分钟没能走出南京南站。候车室里，10多家老字号品牌美食摆开小摊，盐水鸭、鸡鸣汤包、鸭血粉丝汤……游客围了好几圈。这让她感慨：“一个高铁站竟然可以隐藏这么多美味。”  在浙江湖州，“五一”期间，每隔半个小时就有一趟满载的公交车，将旅客从南浔高铁站送到南浔古镇。免费接驳方便了来客更带火了景点，南浔古镇累计接待游客165万人，同比增长55.66%。  从南浔到盛泽，高铁14分钟、票价14元，“特种兵式驴友”王煜文解锁了古镇游新玩法。假期，他搭乘高铁打卡了长三角10个古镇，让朋友圈里的外地网友惊叹：“这样也行？！”  2021年至今，中国铁路上海局集团有限公司已设计开行6.5对环形高铁列车产品，不断串起长三角核心城市、旅游热门目的地，促成了如今可以说走就走的“高铁环游记”。  AI赋能便捷精彩  打开途牛的“AI助手小牛”，规划3天江浙沪之旅，AI不仅列出了推荐行程，还细心提供了订火车票和酒店的链接。这让南京市民李婧觉得“很惊艳”，“假期有限、没时间做攻略，跟AI聊几句，问题就解决了”。  “随时能出攻略，随时能订票，随时能退订……需求越来越个性化，旅游规划需要更加智慧。”途牛旅游网研发负责人说，“五一”假期，预订和出游碎片化趋势显著，坐飞机、高铁抵达再租车自驾，或跟团或半跟团半自由行，各种组合式玩法成为旅游新潮流。  旅游不只是奔波在酒店和景区之间，这个假期，南京尝试用AI消除游客融入城市的壁垒。依托4000万条历史文化语料，整合800多个演出展览、乡村游、城市夜游等场景和资源，南京文旅推出人工智能文旅指南平台“AI南京”。游客只需扫码互动，城市小众精品打卡点、长江绝美落日观景台等推荐就会迅速生成。  城市吸引游客的“旅游红包”，发放方式也更有科技感。在合肥，淮河路步行街让数字消费与AI文旅互动，游客用手机碰一下街边的城市IP玩偶，就能领取街区专属消费券、享受支付优惠，新奇有趣、福利实在。  年初掀起的人工智能热，在“五一”化成了旅游热。众多游客涌入杭州文三未来科技体验中心，听乐聚夸父四代人形机器人作展览讲解；上海举行的“2025深空AI智能机器人互动体验展”上，小游客的眼睛里洋溢着对未来科技的好奇与热情。  文旅爆棚游有所得  苏式园林、粉墙金砖，古琴声和着昆腔余韵，杜丽娘柳梦梅翩然起舞……在苏州文化艺术中心大剧场上演的舞剧《牡丹亭》，游客持续不断的掌声让演员们一次次谢幕。  苏州文投集团董事长陈龙说，舞剧《牡丹亭》首演开票后30秒就售罄，5月1日、2日也都满座，5月3日下午还加演了一场。后台数据显示，外地观众占比超过60%，“为一出好剧奔赴一座城”成为“五一”文化消费市场的新亮点。  “五一”假期，文旅热度持续攀升。江苏智慧文旅平台监测显示，5月1日至5月5日16时，江苏纳入监测的A级旅游景区、省级以上乡村旅游重点村、夜间文旅消费集聚区和博物馆，共接待游客3533.02万人次，同比增长15.62%。  在宣城的宣纸文化博物馆了解文房四宝的前世今生，在南京博物院探秘金陵文脉，在嘉兴南湖的红船旁感受伟大历程的启航，在黄浦江边追寻近代中国历史变迁……途牛网数据显示，上海、南京、杭州、苏州、合肥等城市，凭借深厚的历史文化底蕴、丰富的旅游资源及完善的旅游配套服务，成为“五一”期间热门的旅游目的地。  南京财经大学红山学院副院长王晓庆认为，基础设施、新兴科技和历史文化的创新成果，迅速而深入地融入人们的生活，为人们的衣食住行开辟更多新场景、新空间，这不仅带来长三角旅游的新韵味，更体现出区域发展的高质量。（完）
学校体育改革调研丨魔镜、AI……体育课这么科幻吗,2025-05-08 08:43:07,200,  新华社合肥5月8日电 题：魔镜、AI……体育课都这么科幻了吗——学校体育改革调研之二  新华社记者周畅、李丽、许仕豪  提到体育课，你会想到什么？跑步？跳远？  但在安徽合肥许多中小学里，魔镜跳绳PK、AI动作指导……这看似科幻的场景已是体育课的日常。7kPNX9xGpJaGQMYQ.jpg  近年来，青少年身心健康问题凸显，体育育人功能日益受到重视，中考体育分值不断提升。今春以来，各地全面落实“每天一节体育课”“体育活动两小时”“15分钟大课间”等要求。但是，如何避免体育“应试化”？两小时用哪些活动来填满？学生“喜欢体育，不喜欢体育课”怎么破？  “科幻”体育课，正是基层学校针对这些痛点的探索。  魔镜PK玩起来 运动“更有趣”  走进合肥市第四十八中学滨湖校区的室内体育馆，还以为误入了电游馆的跳舞机PK现场。  12面魔镜被固定在墙上，每面魔镜前学生4人一组，队首学生根据屏幕上的指令，同时开始了跳绳大PK。  1分钟比赛结束后，根据智能计数，现场决出“冠军”，让学生们大呼“过瘾”“好玩”！qHwhYpSc0KYjvmlt.jpg  “这样上体育真有意思！”学生张福幸觉得，魔镜PK跳绳像打游戏通关，练习动作像玩跳舞机……“下课都不想走。”  “魔镜就像一个个助教，既能让学生在‘人镜互动’中感受乐趣，也能精准指导更多学生。”体育教师邓淑秀说，这同时缓解了师资不足的难题。  从去年春季学期开始，合肥市包河区中小学在安徽省率先全面试点“每天一节体育课”。目前，“每天一节体育课”已在安徽全省落地。  “怎么在有限的场地、师资条件下，让‘每天一节体育课’开得起来是关键。”合肥市包河区教育体育局副局长张艳说，魔镜等体育智能化设备有效解决了痛点。GspEMghggegrxZzh.jpg  四十八中滨湖校区还要求每周有两节特色体育课，如魔镜、足球、乒羽课等。校长张伟说，目的是让学生体会运动乐趣，引导他们养成运动习惯。  AI老师来加持 锻炼“更科学”  合肥市第四十六中学的操场上，刚入职两年的体育教师陈新远一边喊着口令，一边看着手中的平板电脑，实时监测着学生的心率状况。  “上课时每个学生佩戴智能手环，我们可以在平板上看到每个同学动作是否标准，还可以根据心率情况及时调整活动安排。”陈新远介绍，传统体育教学靠经验，但新技术的应用可以让体育课更科学、更安全。tlHUhJYVEdZooTxl.jpg  无独有偶。四十八中东校区的“智慧操场”上，8名学生穿着号码衣整齐排列在起跑线上，系统摄像头识别出每位学生的号码信息后语音提示“请就位”。  体育教师李晓慧在教师平板电脑上点击“起跑”按钮后，系统开始计时，并全程通过AI摄像头自动跟踪记录学生跑步轨迹。  “测试结束后，系统会自动生成报告，包括分段用时、达标率、个人排名等详细数据。”她说，通过数据反馈直观了解身体状态和锻炼效果，让科学锻炼不再是一句空话。X1io5zXDh3bMioHf.jpg  “每天一节体育课不仅要上，还要上好。”四十六中校长刘亮荣说，智慧体育课让运动更加有的放矢，让学生更高效地掌握运动技巧。“更重要的是，有效避免了运动伤害。”  背着球拍去上学 学习“更快乐”  每天“体育活动两小时”用什么填满？张伟担心，“考什么，练什么”的枯燥锻炼模式，很容易让孩子们丧失对体育的兴趣。  为此，合肥市四十八中滨湖校区充分利用挑高区域、楼栋间隔处等空间，增设简易羽毛球架、乒乓球台等，除了供特色体育课使用，也在课间15分钟和课后成为学生们的“必争之地”。4fv8FcfqHt7XmlGz.jpg  “我一直喜欢羽毛球，但以前只能放假时跟爸爸打，现在在学校也能跟同学一起打，特别开心！”七年级的王涵璇正跟小伙伴打得不亦乐乎。羽毛球让她对上学多了一份期待。  每天早上，张伟都在校门口和背着各式球拍来上学的孩子们打招呼。他不无骄傲：“学生们都很喜欢我，因为学校让他们每天都有好玩的体育课上。”  让学生跑起来，让校园动起来，比赛是最好的“助推器”。  涵盖24个项目比赛的合肥市“阳光体育运动”，合肥市校园足球联赛，安徽省体育传统项目学校“黄山杯”乒乓球比赛……TiDCQV5cY0LTwBSc.jpg  合肥市教育局学生事务管理中心负责人孙伟说，目前全市中小学已经形成班班赛、校校赛、区级赛、市级赛的“四级联赛”体系，“我们要培养自己的校园体育文化、体育明星”。  在四十六中，刘亮荣一直倡导以比赛激发运动热情。“比如，同一年级两个班同时上体育课时，我们鼓励以比赛形式进行。”  该校初三体育特长生姜恩泽前不久参加西安交通大学少年班考试，取得安徽第一、全国第三的好成绩。刘亮荣认为，这证明合理运动可促进文化课学习，也坚定了他继续发力学校体育的决心。  合肥市教育局副局长陈雪梅说，学校体育改革的最终目的不是为了体育中考，而是为了让青少年“在运动中强意志、健身心”。  “中考只是手段，不可本末倒置。在义务教育阶段引导孩子掌握一两项体育技能，养成终身运动习惯更重要。”
从“攻略助手”到“智能管家”&nbsp;AI成年轻人旅游“新向导”,2025-05-06 14:59:01,200,  新华社沈阳5月6日电（记者武江民、邹明仲） “请给我设计一个5月5日在成都市区周转的旅行路线，要求能避开人群，感受地方特色文化，品尝地道美食。”来自沈阳的大学生胡瑶在手机软件上输入这段话，不到10秒，一份涵盖错峰路线、餐厅和门票优惠的攻略便生成出来。  在社交平台，与“用DeepSeek做旅游攻略”“AI定制旅行”等话题相关的笔记已达数十万篇。这些笔记中的行程规划不仅包括景点和餐饮住宿安排，还对如何避开拥堵、节省开销、旅行穿搭提出建议。生成攻略、在线向导、个性化推荐……AI正在成为年轻人旅行的“新向导”。20250506f5e1e3f84c87499498520c06c5e4eaae_e5d251f61ef94c4dadcf9166b12c4a8f.jpg  一家在线旅游平台AI定制行程页面截图。新华社发  “网上的旅行攻略太多了，也很难辨别真假。”胡瑶说，以前和朋友假期出行，从筛选景点到策划路线，从预订民宿到查找美食，常常要提前两到三周时间来做计划。对她这种缺乏旅行经验的小白来说，AI相当于一个攻略助手，能让她快速上手，省去了熬夜刷攻略的烦恼。  世界旅游城市联合会特聘专家王笑宇分析，许多“90后”“00后”游客喜欢自己策划自由行或自驾游。AI定制旅行能满足他们个性化、多样化的需求，并根据具体需求随时调整制定专属方案。  记者搜索发现，今年以来，多地文旅平台宣布推出AI推荐官。在沈阳市沈北新区，当地文旅部门接入AI数据大模型，结合本地文旅智库搭建起智能模块，针对人数、口味、目的地，动态生成旅行路线，在线解答游客“怎么玩”“去哪吃”“住哪儿”的问题。  飞猪、马蜂窝、同程旅行等多家在线旅游平台陆续推出相关AI产品。记者在一家在线旅游平台看到，除了策划行程安排，相关AI产品还能根据用户的实时位置，推荐酒店、餐馆、特色体验馆等，用户在攻略生成页面即可一键预订。  中国旅游研究院发布的《全国智慧旅游发展报告2024》显示，人工智能技术的新突破推动旅游行业数智化加速升级，为智慧旅游发展带来了新的机遇。生成式人工智能将对旅游内容创作、旅游分析预测、旅游数据分析、个性化营销产生较大的影响，正成为推动行业变革的重要力量。  北京视旅科技有限公司是一家专门提供AI定制旅行的在线旅游平台，依托自主研发的旅游领域AI大模型，不仅可以实现从制作攻略到一键购买的全程服务，还可以提供菜单实时翻译、生成Vlog文案、智能修图等服务。  “我们的数字平台上线1年多以来，使用人次超过百万，我们还在持续拓展更多的目的城市。”北京视旅科技有限公司副总裁孟晔说，AI定制旅行将不仅局限于搜索和攻略，而是一个集旅行策划、交易闭环、实时服务、社交分享于一体的智能管家。  “人工智能和文旅融合是文旅市场发展的大趋势。”王笑宇说，AI定制旅行重塑了游客体验，更助力文旅产业实现效率提升与可持续发展。对这些在线旅游平台来说，如何利用好AI这个工具，更加贴近游客的个性化需求，提供准确、可靠的信息是一个新的课题。
从“攻略助手”到“智能管家”——AI成为年轻人旅游“新向导”,2025-05-06 14:52:40,200,  新华社沈阳5月6日电（记者武江民、邹明仲） “请给我设计一个5月5日在成都市区周转的旅行路线，要求能避开人群，感受地方特色文化，品尝地道美食。”来自沈阳的大学生胡瑶在手机软件上输入这段话，不到10秒，一份涵盖错峰路线、餐厅和门票优惠的攻略便生成出来。  在社交平台，与“用DeepSeek做旅游攻略”“AI定制旅行”等话题相关的笔记已达数十万篇。这些笔记中的行程规划不仅包括景点和餐饮住宿安排，还对如何避开拥堵、节省开销、旅行穿搭提出建议。生成攻略、在线向导、个性化推荐……AI正在成为年轻人旅行的“新向导”。202505062833c6ec6d07409fb89362922c4bdf55_e5d251f61ef94c4dadcf9166b12c4a8f.jpg  一家在线旅游平台AI定制行程页面截图。新华社发  “网上的旅行攻略太多了，也很难辨别真假。”胡瑶说，以前和朋友假期出行，从筛选景点到策划路线，从预订民宿到查找美食，常常要提前两到三周时间来做计划。对她这种缺乏旅行经验的小白来说，AI相当于一个攻略助手，能让她快速上手，省去了熬夜刷攻略的烦恼。  世界旅游城市联合会特聘专家王笑宇分析，许多“90后”“00后”游客喜欢自己策划自由行或自驾游。AI定制旅行能满足他们个性化、多样化的需求，并根据具体需求随时调整制定专属方案。  记者搜索发现，今年以来，多地文旅平台宣布推出AI推荐官。在沈阳市沈北新区，当地文旅部门接入AI数据大模型，结合本地文旅智库搭建起智能模块，针对人数、口味、目的地，动态生成旅行路线，在线解答游客“怎么玩”“去哪吃”“住哪儿”的问题。  飞猪、马蜂窝、同程旅行等多家在线旅游平台陆续推出相关AI产品。记者在一家在线旅游平台看到，除了策划行程安排，相关AI产品还能根据用户的实时位置，推荐酒店、餐馆、特色体验馆等，用户在攻略生成页面即可一键预订。  中国旅游研究院发布的《全国智慧旅游发展报告2024》显示，人工智能技术的新突破推动旅游行业数智化加速升级，为智慧旅游发展带来了新的机遇。生成式人工智能将对旅游内容创作、旅游分析预测、旅游数据分析、个性化营销产生较大的影响，正成为推动行业变革的重要力量。  北京视旅科技有限公司是一家专门提供AI定制旅行的在线旅游平台，依托自主研发的旅游领域AI大模型，不仅可以实现从制作攻略到一键购买的全程服务，还可以提供菜单实时翻译、生成Vlog文案、智能修图等服务。  “我们的数字平台上线1年多以来，使用人次超过百万，我们还在持续拓展更多的目的城市。”北京视旅科技有限公司副总裁孟晔说，AI定制旅行将不仅局限于搜索和攻略，而是一个集旅行策划、交易闭环、实时服务、社交分享于一体的智能管家。  “人工智能和文旅融合是文旅市场发展的大趋势。”王笑宇说，AI定制旅行重塑了游客体验，更助力文旅产业实现效率提升与可持续发展。对这些在线旅游平台来说，如何利用好AI这个工具，更加贴近游客的个性化需求，提供准确、可靠的信息是一个新的课题。
AI大模型“垂直发力”&nbsp;深度挖潜行业应用,2025-05-06 08:34:44,200,  企业利用大模型一键生成排产计划、钢铁厂的转炉被装上“火眼金睛”、大模型成为服装设计师的“私人助手”……当前，人工智能大模型瞄准垂直行业应用，与电子、原材料、消费品等产业领域深度融合，在细分业务场景中推动实现降本增效。  记者获悉，下一步，相关部门将加强通用大模型和行业大模型的研发布局，推动制造业全流程、重点行业、重点产品的智能升级。业内企业也积极展开探索，加快技术创新与产品升级，加速大模型应用精细化落地。  工业和信息化部最新数据显示，我国人工智能产业形成了覆盖基础层、框架层、模型层、应用层的完整产业体系，累计培育出400余家国家级专精特新“小巨人”企业，建成了钢铁、煤炭等行业的高质量行业数据集。  大模型行业加速创新演进，其专业领域也在不断细分。  浙江嘉溢制衣厂里，设计师在聊天框中输入描述词，选择好品类、款式、颜色等标签，数秒钟即可生成一张设计图。过去，从设计到确定一款服装的上身效果，包括打版、建模等，通常需要约两天时间。  “在服装行业，大模型正悄然改变服装设计、质检等环节。”中国联通相关负责人说，基于中国联通元景服装大模型，企业可以实现快速设计、一键制版、虚拟试衣，并通过AI数字版房，将设计原稿转化为精确的工业级电子版型，设计和制版周期缩短80%。  黑猫集团所在的炭黑行业为轮胎、橡胶、涂料等产品提供原材料，工艺复杂、安全生产要求高。“炭黑生产如同在3000℃高温下‘炒菜’，产品质量十分依赖工艺师傅的经验。”浪潮云洲工业互联网副总经理商广勇告诉记者，团队以知业大模型为底座，将20位老师傅40年的操作经验转化为3.6万条知识图谱节点，训练构建了煤化工行业专属大模型，推动黑猫集团炭黑产品的合格率从82%提升至94%，相当于每100吨产品减少13吨废料。  工业和信息化部总工程师谢少锋近日表示，大模型在电子、原材料、消费品等行业加快落地，并在研发设计、中试验证、生产制造、运营管理等环节得到应用。“我们正持续开展赋能‘深度行’活动，打造线上线下平台，推动供需企业精准对接，引导行业智能化转型。”  在业界看来，对特定场景而言，并非所有企业都需要通用大模型的“全能”，而是更需要模型的精度。  中国工业互联网研究院智能化研究所副所长顾维玺认为，人工智能在产业加快落地，形成了“通用模型+垂直领域模型”的协同应用范式。行业专用模型蓬勃发展，金融、医疗、法律、工业等领域涌现大量精调的模型，在专业任务上精度更高、部署更轻便。“随着模型能力的增强和成本的下降，生成式AI将更加‘接地气’，加速从概念走向现实生产力。”  不过，由于垂直行业的多样性和复杂性，人工智能赋能应用的门槛仍存。以工业场景为例，中国电子信息产业发展研究院未来产业研究中心所长蒲松涛说，工业生产制造等核心场景精度高、容错率低，各细分行业的流程高度差异化，需要进一步挖掘可作为经验复制推广的典型场景。  相关政策举措将进一步发力。工业和信息化部表示，将一手抓供给，加强通用大模型和行业大模型的研发布局，加快建设工业领域的高质量数据集，夯实基础底座，推动“智能产业化”；一手抓应用，推动制造业全流程、重点行业、重点产品的智能升级，加快超级智能终端的产业化、商业化进程，并持续开展赋能“深度行”和典型案例的征集，遴选“十大行业、百大场景、千家标杆”，推动“产业智能化”。  与此同时，近期不少企业瞄准实际应用，加快AI大模型上新、降低落地门槛。科大讯飞日前全新升级的讯飞星火X1模型，为企业提供了低门槛部署方案；海螺集团携手华为推出“AI+水泥建材大模型”；基于通义大模型，中国一汽构建企业智能体，提升企业运营效率……  “随着底座能力的提升，技术创新将推动大模型‘通用’和‘专业’能力结合，让其部署更加简便。”科大讯飞咨询专家文杰告诉记者，星火大模型由于在训练中融入了更多场景复杂类型的数据，模型的泛化性取得了进步，提升通用能力的同时，将向教育、医疗、司法等多个行业领域持续深入，开辟更多生产生活应用新场景。  对于下一步发展，蒲松涛建议，需鼓励行业企业、行业专家及研究机构加强协作，进一步打通企业、产业链上下游、供应链、合作伙伴等数据流，打造垂直细分领域工业大模型，开展大模型赋能优势产业集群和重点行业示范应用行动，构建行业生态合作体系。(记者 郭倩)
沉浸体验·AI上岗·治愈经济——这个“五一”文旅消费吹新风,2025-05-06 07:34:43,200,　　202505052b12aa6750cd46f1a123673d680f6032_a41072446c844546ab734e3e253a4647.JPG　　5月2日，在广东省佛山市禅城区南风古灶旅游休闲街区，游客在观看醒狮表演。新华社发（黄继明 摄）　　沉浸式体验，文旅绽放新活力　　沿街市集商铺旗幡招展、孩童举着糖画嬉笑奔跑、老茶馆里飘出阵阵茶香……“五一”假期第一天，辽宁省大连市的百年老街东关街上，锣鼓喧天。66个风格各异的市集摊位沿着街道有序排开，百余家崭新店铺开张纳客，50余场精彩活动轮番上演。　　“这里充满了老街韵味，氛围感拉满。”来自四川的游客杨天明，对好戏连台的曲艺表演赞不绝口：“精彩！连空气都是热闹的。”　　在广州南越王博物院，射礼、投壶、汉服Cosplay、文创市集等活动，将静态的文物展览转化为动态的文化体验。来自江西的游客曾莉莉说：“穿汉服参与活动特别有代入感，历史和潮流原来可以这样结合。”202505052b12aa6750cd46f1a123673d680f6032_529a1e73ae7944f3b5a864ca9e7868e8.jpg　　5月1日，横店影视城推出的沉浸式片场体验项目让游客“一秒入戏”。新华社发　　影视IP的赋能则让浙江横店影视城的热度“更上一层楼”，把观众带进了一个“随时随地飙戏”的平行世界。“平时只能在屏幕里追剧，在这里可以和演员‘零距离’接触。”成都游客刘红梅兴奋地说，这种打破传统观演界限的模式，让游客从“看剧”变为“演剧”，极大提升了参与感和趣味性。　　AI“上岗”，“诗”和“远方”妙趣横生　　“五一”期间，各地推出科技与文旅结合的新花样，机器人们纷纷“上岗”为游客带来炫酷新体验。　　在广州的热雪奇迹滑雪场内，一场机器人滑雪秀十分吸睛：AI机器狗装扮成醒狮模样，上演气势十足的舞狮表演；机器人踏着滑雪板，在雪地中灵活穿梭；机器狗“拉着雪橇”在雪场里“走秀”……202505052b12aa6750cd46f1a123673d680f6032_432a2cbbc7ac4c56a1129e9a19e8cbc0.jpg　　5月1日，广州热雪奇迹滑雪场内的机器狗表演。新华社发　　香港游客梁先生一家被这一赛博秀深深吸引：“没想到现在机器人和AI已经能深入到大家的旅游体验里，给滑雪带来了很多新乐趣。”　　在辽宁大连，由工业老厂房改造的大连熊洞街里，“巨熊北北”眨着湛蓝色的眼睛，时而吞云吐雾、张口咆哮，时而高抬前爪、匍匐前行……这只身高6米、重达25吨的银灰色仿生机甲巨熊，以蒸汽朋克的风格和萌态可爱的形象圈粉无数，引得游客发出阵阵欢呼。202505052b12aa6750cd46f1a123673d680f6032_a630da014afa4bd6a28173d4c300183a.jpg　　大连熊洞街仿生机甲“巨熊北北”人气十足。新华社发　　在浙江温州雁荡山景区，憨态可掬的机器狗倒立、翻滚、“撒娇”，文质彬彬的机器人与游客主动挥手问候，录制趣味短视频，科技赋能让“诗”和“远方”更具人情味。　　“这是雁荡山首次尝试‘机器人进景区’，科技为自然山水赋能，助力文旅产业升级。”温州市雁荡山风景旅游管委会旅游管理处副处长叶金涛说，“赛博迎宾员”能精准识别障碍、灵活避让行人，展现智慧景区的科技魅力。　　“反向游”升温，“治愈经济”火热　　在树荫下享受一杯咖啡，在湖水旁看白鹭掠过水面，在碧道边用一块野餐布解锁“躺平式露营”……“五一”假期，广东东莞寮步镇居民唐佳雯选择在家门口的佛灵湖营地来一场“反向旅游”。“不想出去人挤人，就在附近找个地方亲近大自然，很舒服。”　　在浙江龙泉溪头村，“不灭窑火”活动展现出龙窑文化的独特魅力。在专业匠人指导下，来自上海的游客李翀正全神贯注地尝试拉坯：“看着手中的陶泥在转盘上慢慢成形，既神奇又治愈。”202505052b12aa6750cd46f1a123673d680f6032_b335432869d24ab78ca7b21ab905a985.JPG　　5月2日，市民在辽宁沈阳浑河公园骑行。新华社记者 周华 摄　　“五一”假期，寻求“治愈感”为不少人的旅游打开新方式，“反向旅游”显著升温。有人选择在慢节奏里寻求“松弛感”，也有人在丰富的文旅体验中追求情绪价值、释放压力。　　广东、浙江等地的音乐节上，年轻人用呐喊与欢呼将草地聚会变成音乐派对；大连室外西餐艺术节现场，市民与游客在海风轻拂中感受“松弛社交”……202505052b12aa6750cd46f1a123673d680f6032_40392eea06974f0c9bd3da1e14e3ef7a.jpg　　5月2日，在东莞举办的音乐节上，年轻人追求“情绪价值”。新华社发　　随着年轻群体对情绪价值的需求越来越大，能提供治愈感、松弛感的新型消费正成为文旅消费的“新宠”，推动文旅消费从“观光式”向“沉浸式”“情感式”迭代，为文旅产业创新多元消费场景、扩大服务消费提供了新思路。（参与采写：杨淑君）
当AI遇见“未来之城”，这个春天有点新“花”样！,2025-05-02 14:16:29,200,文章结构不符合，可能是视频类新闻等
